,app_id,is_multiplayer,price,rating,release_date,required_age,title,ratings2021
0,10,1,9.99,88,2000-11-01 00:00:00,0,Counter-Strike,96
1,30,1,4.99,79,2003-05-01 00:00:00,0,Day of Defeat,87
2,70,1,9.99,96,1998-11-08 00:00:00,0,Half-Life,96
3,80,1,9.99,65,2004-03-01 00:00:00,0,Counter-Strike: Condition Zero,89
4,100,1,9.99,65,2004-03-01 00:00:00,0,Counter-Strike: Condition Zero,89
5,130,0,4.99,71,2001-06-01 00:00:00,0,Half-Life: Blue Shift,90
6,220,0,9.99,96,2004-11-16 00:00:00,0,Half-Life 2,97
7,240,1,19.99,88,2004-11-01 00:00:00,0,Counter-Strike: Source,96
8,300,1,9.99,80,2010-07-12 00:00:00,0,Day of Defeat: Source,89
9,380,0,7.99,87,2006-06-01 00:00:00,0,Half-Life 2: Episode One,95
10,400,0,9.99,90,2007-10-10 00:00:00,0,Portal,98
11,420,0,7.99,90,2007-10-10 00:00:00,0,Half-Life 2: Episode Two,96
12,440,1,0.0,92,2007-10-10 00:00:00,0,Team Fortress 2,94
13,500,1,19.99,89,2008-11-17 00:00:00,0,Left 4 Dead,95
14,550,1,19.99,89,2009-11-16 00:00:00,0,Left 4 Dead 2,97
15,570,1,0.0,90,2013-07-09 00:00:00,0,Dota 2,84
16,620,0,19.99,95,2011-04-18 00:00:00,0,Portal 2,98
17,630,1,0.0,77,2010-07-19 00:00:00,0,Alien Swarm,94
18,730,1,14.99,83,2012-08-21 00:00:00,0,Counter-Strike: Global Offensive,88
19,1002,1,9.99,69,2005-10-12 00:00:00,0,Rag Doll Kung Fu,70
20,1200,1,9.99,81,2006-03-14 00:00:00,0,Red Orchestra: Ostfront 41-45,85
21,1250,1,19.99,72,2009-05-14 00:00:00,17,Killing Floor,96
22,1300,0,9.99,75,2006-05-10 00:00:00,0,SiN Episodes: Emergence,87
23,1309,0,9.99,75,2006-05-10 00:00:00,0,SiN Episodes: Emergence,87
24,1313,0,9.99,75,2006-05-10 00:00:00,0,SiN Episodes: Emergence,88
25,1500,0,9.99,84,2005-07-14 00:00:00,0,Darwinia,72
26,1510,0,9.99,75,2006-08-23 00:00:00,0,Uplink,90
27,1520,1,9.99,84,2006-09-29 00:00:00,0,DEFCON,85
28,1530,1,9.99,76,2008-09-19 00:00:00,0,Multiwinia,82
29,1600,1,14.99,82,2006-02-07 00:00:00,0,Dangerous Waters,77
30,1610,1,9.99,79,2006-02-07 00:00:00,0,Space Empires IV Deluxe,84
31,1630,1,6.49,80,2006-07-06 00:00:00,0,Disciples II: Rise of the Elves ,83
32,1640,1,6.49,84,2006-07-06 00:00:00,0,Disciples II: Gallean's Return,79
33,1670,1,4.99,56,2006-07-26 00:00:00,0,Iron Warriors: T - 72 Tank Command ,61
34,1690,1,14.99,68,2006-10-16 00:00:00,0,Space Empires V,69
35,1700,0,4.99,77,2007-04-03 00:00:00,0,Arx Fatalis,87
36,1900,1,4.99,73,2006-04-01 00:00:00,0,Earth 2160,69
37,1930,1,9.99,65,2009-04-30 00:00:00,17,Two Worlds Epic Edition,73
38,2100,1,9.99,72,2006-10-25 00:00:00,17,Dark Messiah of Might & Magic,91
39,2130,1,9.99,72,2006-10-25 00:00:00,17,Dark Messiah of Might & Magic,91
40,2210,1,19.99,81,2011-08-04 00:00:00,17,Quake IV,86
41,2300,1,4.99,83,2007-08-03 00:00:00,0,DOOM II,94
42,2310,1,9.99,94,2007-08-03 00:00:00,0,QUAKE,95
43,2350,1,19.99,69,2007-08-03 00:00:00,0,QUAKE III: Team Arena,81
44,2400,1,9.99,76,2006-07-11 00:00:00,0,The Ship: Murder Party,83
45,2450,1,4.99,73,2010-10-29 00:00:00,0,Bloody Good Time,77
46,2500,0,6.99,74,2006-05-08 00:00:00,17,Shadowgrounds,80
47,2520,0,4.99,69,2006-12-19 00:00:00,0,Gumboy - Crazy Adventures™,52
48,2525,0,4.99,69,2006-12-19 00:00:00,0,Gumboy - Crazy Adventures™,52
49,2570,0,0.0,61,2007-06-29 00:00:00,0,Vigil: Blood Bitterness™,16
50,2590,0,4.99,59,2007-11-07 00:00:00,17,Alpha Prime,60
51,2600,0,19.99,80,2007-03-22 00:00:00,17,Vampire: The Masquerade - Bloodlines,94
52,2610,0,19.99,76,2006-10-13 00:00:00,17,GUN™,89
53,2620,1,19.99,91,2006-10-13 00:00:00,0,Call of Duty®,94
54,2630,1,19.99,86,2006-10-13 00:00:00,0,Call of Duty® 2,91
55,2640,1,19.99,87,2006-10-13 00:00:00,0,Call of Duty: United Offensive,87
56,2700,0,19.99,81,2008-03-12 00:00:00,0,RollerCoaster Tycoon® 3: Platinum,89
57,2710,1,2.99,82,2008-03-12 00:00:00,0,Act of War: Direct Action,89
58,2780,1,7.99,74,2008-03-12 00:00:00,0,ARMA: Combat Operations,68
59,2800,0,4.99,72,2006-07-21 00:00:00,0,X2: The Threat,82
60,2810,0,9.99,71,2006-07-21 00:00:00,0,X3: Reunion,72
61,2820,0,15.99,73,2008-10-16 00:00:00,0,X3: Terran Conflict,85
62,2840,0,4.99,67,2010-10-08 00:00:00,0,X: Beyond the Frontier,75
63,2920,1,9.99,84,2006-10-26 00:00:00,0,Sub Command,75
64,2990,0,9.99,76,2006-12-21 00:00:00,0,FlatOut 2™,95
65,3010,1,4.99,82,2006-08-24 00:00:00,0,Xpand Rally,78
66,3020,1,9.99,72,2007-11-08 00:00:00,17,Call of Juarez™,82
67,3130,0,4.99,77,2009-11-01 00:00:00,0,Men of War: Red Tide,86
68,3170,0,9.99,82,2009-11-19 00:00:00,0,King's Bounty: Armored Princess,91
69,3200,1,9.99,81,2007-01-24 00:00:00,17,Painkiller: Black Edition,-1
70,3230,1,4.99,57,2007-08-06 00:00:00,0,Genesis Rising,27
71,3260,0,4.99,69,2007-08-29 00:00:00,0,Safecracker: The Ultimate Puzzle Adventure,55
72,3270,1,4.99,65,2007-10-30 00:00:00,17,Painkiller Overdose,72
73,3470,0,4.99,82,2007-01-04 00:00:00,0,Bookworm Adventures Deluxe,-1
74,3540,0,4.99,76,2008-10-15 00:00:00,0,Peggle™ Nights,95
75,3560,0,4.99,78,2008-11-18 00:00:00,0,Bejeweled Twist,82
76,3590,0,4.99,87,2009-05-05 00:00:00,0,Plants vs. Zombies GOTY Edition,96
77,3620,0,4.99,78,2009-09-15 00:00:00,0,Zuma's Revenge!,95
78,3630,0,4.99,79,2009-07-30 00:00:00,0,Bookworm™ Adventures Volume 2,-1
79,3700,0,9.99,76,2009-07-16 00:00:00,0,Sniper Elite,77
80,3710,1,7.99,55,2009-03-26 00:00:00,0,Judge Dredd: Dredd vs. Death,87
81,3720,0,9.99,75,2009-06-22 00:00:00,0,Evil Genius,95
82,3800,0,9.99,70,2006-09-14 00:00:00,0,Advent Rising,80
83,3810,0,9.99,65,2006-09-14 00:00:00,17,BloodRayne,78
84,3820,0,9.99,67,2006-09-14 00:00:00,17,BloodRayne 2,69
85,3830,0,9.99,87,2006-10-11 00:00:00,0,Psychonauts,96
86,3900,1,19.99,94,2006-10-25 00:00:00,0,Sid Meier's Civilization® IV,92
87,3910,1,4.99,90,2006-10-25 00:00:00,0,Sid Meier's Civilization® III Complete,90
88,3920,0,9.99,88,2005-07-11 00:00:00,0,Sid Meier's Pirates!,94
89,3960,1,4.99,67,2006-10-25 00:00:00,0,Shattered Union,50
90,3980,0,9.99,67,2007-04-06 00:00:00,0,CivCity: Rome,72
91,3990,0,4.99,84,2007-04-06 00:00:00,0,Civilization IV®: Warlords,91
92,4300,0,9.99,80,2006-11-07 00:00:00,0,RoboBlitz,76
93,4420,0,9.99,62,2007-03-20 00:00:00,0,Silverfall,57
94,4500,1,19.99,82,2007-03-20 00:00:00,17,S.T.A.L.K.E.R.: Shadow of Chernobyl,95
95,4520,1,9.99,80,2007-07-17 00:00:00,0,Full Spectrum Warrior,64
96,4530,1,9.99,70,2007-07-17 00:00:00,0,Full Spectrum Warrior: Ten Hammers,67
97,4540,1,14.99,77,2007-07-17 00:00:00,0,Titan Quest,-1
98,4550,0,14.99,80,2007-07-17 00:00:00,0,Titan Quest - Immortal Throne,-1
99,4560,1,19.99,93,2007-07-17 00:00:00,17,Company of Heroes,93
100,4570,1,12.99,86,2007-08-07 00:00:00,17,"Warhammer® 40,000: Dawn of War® - Game of the Year Edition",95
101,4580,1,12.99,87,2007-08-07 00:00:00,17,"Warhammer® 40,000: Dawn of War® - Dark Crusade",96
102,4700,1,19.99,88,2007-11-27 00:00:00,0,Medieval II: Total War™,95
103,4720,0,14.95,78,2012-10-29 00:00:00,17,Condemned: Criminal Origins,86
104,4760,1,9.99,92,2007-08-28 00:00:00,0,Rome: Total War™ - Collection,94
105,4770,1,4.99,79,2007-08-28 00:00:00,0,Rome: Total War™ - Alexander,73
106,4800,1,14.99,65,2006-11-22 00:00:00,0,Heroes of Annihilated Empires,89
107,4850,1,4.99,60,2010-09-02 00:00:00,0,Cossacks: Back to War,88
108,4870,0,4.99,74,2011-08-26 00:00:00,0,Cossacks: Art of War,82
109,4880,0,4.99,74,2011-08-26 00:00:00,0,Cossacks: European Wars,71
110,4890,1,4.99,69,2011-08-26 00:00:00,0,Cossacks II: Battle for Europe,73
111,4920,1,9.99,80,2012-10-30 00:00:00,0,Natural Selection 2,85
112,6000,0,9.99,78,2009-07-08 00:00:00,0,STAR WARS™ Republic Commando™,95
113,6020,1,9.99,81,2009-09-16 00:00:00,0,STAR WARS™ Jedi Knight - Jedi Academy™,95
114,6030,1,9.99,89,2009-09-16 00:00:00,0,STAR WARS™ Jedi Knight II - Jedi Outcast™,91
115,6060,0,9.99,78,2009-07-08 00:00:00,0,STAR WARS™ Battlefront™ II,93
116,6080,0,9.99,70,2009-07-08 00:00:00,0,Thrillville®: Off the Rails™,92
117,6090,0,5.99,78,2009-07-08 00:00:00,0,Armed and Dangerous®,90
118,6120,0,9.99,67,2010-10-25 00:00:00,17,Shank,90
119,6200,0,4.99,81,2006-12-21 00:00:00,0,Ghost Master®,88
120,6220,1,7.49,72,2007-02-02 00:00:00,0,FlatOut,92
121,6250,1,4.99,70,2007-03-13 00:00:00,0,Making History: The Calm & the Storm,79
122,6270,1,4.99,35,2007-09-21 00:00:00,0,Ducati World Championship,40
123,6300,0,19.99,75,2007-01-12 00:00:00,0,Dreamfall: The Longest Journey,85
124,6310,0,9.99,91,2007-05-01 00:00:00,0,The Longest Journey,90
125,6370,1,0.0,79,2011-10-28 00:00:00,0,Bloodline Champions,85
126,6400,1,9.99,68,2007-03-27 00:00:00,0,Joint Task Force,86
127,6420,1,9.99,77,2007-07-03 00:00:00,0,Nexus - The Jupiter Incident,84
128,6510,1,14.99,66,2007-06-26 00:00:00,0,Lost Planet™: Extreme Condition,77
129,6550,0,19.99,66,2007-06-12 00:00:00,0,Devil May Cry® 3 Special Edition,58
130,6830,1,3.99,87,2007-03-15 00:00:00,0,Commandos 2: Men of Courage,84
131,6840,1,3.99,72,2007-03-15 00:00:00,0,Commandos 3: Destination Berlin,61
132,6850,0,6.99,87,2007-03-15 00:00:00,0,Hitman 2: Silent Assassin,83
133,6860,0,8.99,82,2007-03-15 00:00:00,17,Hitman: Blood Money,93
134,6870,0,6.99,76,2007-03-15 00:00:00,0,Battlestations: Midway,74
135,6880,0,6.99,75,2007-03-15 00:00:00,17,Just Cause,66
136,6900,0,6.99,73,2007-03-15 00:00:00,17,Hitman: Codename 47,71
137,6910,1,6.99,90,2007-03-29 00:00:00,0,Deus Ex: Game of the Year Edition,94
138,6920,0,6.99,80,2007-03-29 00:00:00,0,Deus Ex: Invisible War,58
139,6980,0,8.99,85,2007-03-29 00:00:00,0,Thief: Deadly Shadows,82
140,7000,0,6.99,82,2007-03-29 00:00:00,0,Tomb Raider: Legend,88
141,7010,1,5.99,76,2007-03-29 00:00:00,0,Project: Snowblind,73
142,7020,1,9.99,69,2007-03-29 00:00:00,0,Rogue Trooper,94
143,7110,0,14.99,81,2007-02-27 00:00:00,0,Jade Empire™: Special Edition,73
144,7200,1,29.99,80,2008-04-16 00:00:00,0,Trackmania United Forever Star Edition,93
145,7210,0,9.99,74,2007-03-14 00:00:00,0,"Runaway, A Road Adventure",73
146,7510,0,9.99,54,2009-04-30 00:00:00,17,X-Blades,58
147,7520,1,19.99,76,2011-02-03 00:00:00,17,Two Worlds II,59
148,7600,1,9.99,77,2007-05-04 00:00:00,0,Sid Meier's Railroads!,68
149,7610,1,9.99,80,2007-05-04 00:00:00,0,Railroad Tycoon 3,77
150,7620,0,4.99,89,2007-05-04 00:00:00,0,Railroad Tycoon II Platinum,87
151,7670,0,19.99,96,2007-08-21 00:00:00,17,BioShock™,94
152,7770,1,4.99,65,2008-09-04 00:00:00,0,X-COM: Enforcer,53
153,7830,1,4.99,80,2009-05-06 00:00:00,0,Men of War™,88
154,7840,0,2.99,53,2009-05-06 00:00:00,0,Death Track®: Resurrection,57
155,7860,1,4.99,63,2009-05-20 00:00:00,0,NecroVision,69
156,7940,1,19.99,92,2007-11-12 00:00:00,17,Call of Duty® 4: Modern Warfare®,92
157,8000,0,8.99,83,2007-06-05 00:00:00,0,Tomb Raider: Anniversary,82
158,8080,1,6.99,67,2007-12-13 00:00:00,17,Kane and Lynch: Dead Men™,66
159,8100,0,5.99,58,2008-02-08 00:00:00,17,Conflict: Denied Ops,48
160,8140,0,8.99,80,2008-11-21 00:00:00,0,Tomb Raider: Underworld,75
161,8170,1,8.99,74,2009-05-13 00:00:00,0,Battlestations Pacific,68
162,8190,0,14.99,84,2010-03-23 00:00:00,17,Just Cause 2,90
163,8310,0,9.99,68,2008-06-17 00:00:00,0,Bone: Out From Boneville,51
164,8320,0,9.99,76,2008-06-17 00:00:00,0,Bone: The Great Cow Race,60
165,8340,0,19.99,82,2008-12-18 00:00:00,0,Strong Bad's Cool Game for Attractive People: Season 1,92
166,8350,0,19.99,82,2008-12-18 00:00:00,0,Strong Bad's Cool Game for Attractive People: Season 1,75
167,8360,0,19.99,82,2008-12-18 00:00:00,0,Strong Bad's Cool Game for Attractive People: Season 1,69
168,8370,0,19.99,82,2008-12-18 00:00:00,0,Strong Bad's Cool Game for Attractive People: Season 1,74
169,8380,0,19.99,82,2008-12-18 00:00:00,0,Strong Bad's Cool Game for Attractive People: Season 1,76
170,8400,0,3.99,76,2007-06-18 00:00:00,0,Geometry Wars: Retro Evolved,90
171,8500,1,19.99,88,2010-12-15 00:00:00,0,EVE Online,76
172,8600,1,3.99,83,2007-10-15 00:00:00,0,RACE 07,88
173,8800,0,9.99,86,2007-07-24 00:00:00,0,Civilization IV: Beyond the Sword,96
174,8850,1,19.99,88,2010-02-09 00:00:00,17,BioShock® 2,89
175,8870,0,29.99,94,2013-03-25 00:00:00,17,BioShock Infinite,95
176,8880,1,4.99,90,2009-05-29 00:00:00,0,Freedom Force,60
177,8930,1,29.99,90,2010-09-21 00:00:00,0,Sid Meier's Civilization® V,96
178,8980,1,19.99,81,2009-10-26 00:00:00,17,Borderlands,93
179,9010,1,9.99,88,2007-08-03 00:00:00,0,Return to Castle Wolfenstein,92
180,9050,1,9.99,87,2007-08-03 00:00:00,17,DOOM 3,89
181,9200,1,19.99,79,2011-10-03 00:00:00,17,RAGE,74
182,9340,1,19.99,87,2007-09-24 00:00:00,18,Company of Heroes: Opposing Fronts,91
183,9350,1,14.99,86,2011-09-28 00:00:00,0,Supreme Commander,88
184,9420,1,14.99,81,2011-09-28 00:00:00,0,Supreme Commander: Forged Alliance,96
185,9460,0,19.99,73,2008-02-29 00:00:00,0,Frontlines™: Fuel of War™,63
186,9480,0,9.99,72,2009-01-07 00:00:00,17,Saints Row 2,77
187,9500,1,9.99,80,2007-07-20 00:00:00,0,Gish,63
188,9710,0,9.99,66,2008-03-12 00:00:00,0,Desperados 2: Cooper's Revenge,47
189,9730,0,9.99,67,2008-03-12 00:00:00,0,Tycoon City: New York,37
190,9760,1,2.99,74,2008-03-12 00:00:00,0,Act of War: High Treason,81
191,9800,0,4.99,69,2008-03-12 00:00:00,0,Death to Spies,74
192,9870,0,9.99,74,2009-06-16 00:00:00,0,Ghostbusters: The Videogame,-1
193,9880,1,0.0,72,2011-06-14 00:00:00,0,Champions Online,70
194,9900,1,0.0,76,2012-01-31 00:00:00,0,Star Trek Online,78
195,9930,1,19.99,72,2011-02-01 00:00:00,0,Test Drive Unlimited 2,-1
196,9940,0,2.99,52,2014-05-22 00:00:00,0,Blade Kitten,83
197,9980,0,6.99,67,2010-11-10 00:00:00,0,The UnderGarden,67
198,9990,0,9.99,43,2011-03-23 00:00:00,0,Ghostbusters: Sanctum of Slime,-1
199,10090,1,19.99,83,2008-11-18 00:00:00,17,Call of Duty: World at War,94
200,10130,1,19.99,71,2009-07-23 00:00:00,0,TimeShift™,79
201,10150,0,19.99,79,2009-06-10 00:00:00,17,Prototype™,79
202,10180,1,19.99,86,2009-11-11 00:00:00,0,Call of Duty®: Modern Warfare® 2,91
203,10190,1,19.99,86,2009-11-11 00:00:00,0,Call of Duty®: Modern Warfare® 2,91
204,10220,0,14.99,24,2012-02-17 00:00:00,17,Postal III,37
205,10460,1,14.99,67,2008-02-20 00:00:00,0,The Club™,53
206,10500,1,19.99,90,2009-03-03 00:00:00,0,Empire: Total War™,89
207,10530,1,14.99,60,2008-08-14 00:00:00,0,Space Siege,-1
208,10680,1,14.99,68,2010-02-16 00:00:00,17,Aliens vs. Predator™,89
209,11040,0,9.99,71,2008-08-07 00:00:00,0,Sherlock Holmes - Nemesis,73
210,11050,0,9.99,70,2008-08-07 00:00:00,0,Dracula Origin,67
211,11140,0,9.99,72,2009-08-06 00:00:00,0,Sherlock Holmes: The Awakened - Remastered Edition,73
212,11150,0,9.99,68,2009-08-06 00:00:00,0,Sherlock Holmes: The Silver Earring,59
213,11190,0,9.99,73,2009-12-23 00:00:00,0,Sherlock Holmes versus Jack the Ripper,77
214,11200,0,9.99,79,2007-11-14 00:00:00,17,Shadowgrounds Survivor,58
215,11250,1,7.99,67,2008-06-24 00:00:00,0,Pacific Storm,75
216,11260,1,13.99,60,2008-08-18 00:00:00,0,Pacific Storm Allies,59
217,11340,0,4.99,64,2009-03-19 00:00:00,0,Larva Mortus,76
218,11370,0,4.99,68,2009-07-30 00:00:00,0,Nikopol: Secrets of the Immortals,60
219,11450,0,4.99,81,2009-11-12 00:00:00,0,Overlord™,93
220,11480,1,4.99,77,2014-07-03 00:00:00,0,Soldiers: Heroes of World War II,83
221,11560,0,4.99,58,2009-02-13 00:00:00,0,Maelstrom: The Battle for Earth Begins,63
222,11590,0,4.99,51,2009-02-13 00:00:00,0,Hospital Tycoon,47
223,11900,0,9.99,74,2008-04-18 00:00:00,0,LUMINES™,-1
224,12100,0,9.99,93,2011-01-06 00:00:00,17,Grand Theft Auto III,86
225,12110,0,9.99,94,2011-01-10 00:00:00,17,Grand Theft Auto: Vice City,92
226,12120,0,14.99,93,2011-01-06 00:00:00,17,Grand Theft Auto: San Andreas,91
227,12130,0,9.99,75,2008-01-04 00:00:00,17,Manhunt,66
228,12140,0,9.99,89,2008-01-04 00:00:00,17,Max Payne,90
229,12150,0,9.99,86,2008-01-04 00:00:00,17,Max Payne 2: The Fall of Max Payne,94
230,12160,1,9.99,81,2008-01-04 00:00:00,0,Midnight Club 2,84
231,12200,0,14.99,72,2008-10-21 00:00:00,0,Bully: Scholarship Edition,83
232,12210,1,19.99,90,2008-12-02 00:00:00,17,Grand Theft Auto IV,71
233,12310,0,9.99,66,2008-01-18 00:00:00,0,Culpa Innata,76
234,12320,0,9.99,74,2008-07-09 00:00:00,0,Sacred Gold,82
235,12330,0,7.99,71,2008-02-13 00:00:00,0,Darkstar One,82
236,12340,0,9.99,69,2008-06-27 00:00:00,0,Jack Keane,67
237,12360,1,19.99,79,2008-08-26 00:00:00,0,FlatOut: Ultimate Carnage,85
238,12420,1,14.99,43,2009-02-10 00:00:00,0,Perimeter 2: New Earth,20
239,12470,0,4.99,75,2009-06-16 00:00:00,0,Port Royale 2,67
240,12500,1,9.99,84,2008-01-29 00:00:00,0,PuzzleQuest: Challenge of the Warlords,87
241,12630,0,9.99,57,2009-05-05 00:00:00,0,Legend - Hand of God,-1
242,12640,0,9.99,75,2009-03-09 00:00:00,0,Drakensang,79
243,12750,0,14.99,87,2008-06-04 00:00:00,0,GRID™,-1
244,12770,0,9.99,59,2009-01-07 00:00:00,17,Rise of the Argonauts,75
245,12790,1,9.99,41,2009-05-22 00:00:00,17,Damnation,50
246,12810,0,9.99,79,2009-06-24 00:00:00,0,Overlord II,88
247,12830,0,9.99,76,2009-10-06 00:00:00,17,Operation Flashpoint: Dragon Rising,66
248,12900,0,9.99,85,2008-02-15 00:00:00,0,AudioSurf,95
249,13000,1,4.99,57,2008-03-21 00:00:00,0,Ninja Reflex: Steamworks Edition,92
250,13140,1,0.0,70,2009-06-17 00:00:00,0,America's Army 3,69
251,13200,0,14.99,75,2008-03-17 00:00:00,17,Unreal 2: The Awakening,68
252,13210,1,19.99,83,2009-03-05 00:00:00,17,Unreal Tournament 3 Black,89
253,13230,1,14.99,93,2004-03-17 00:00:00,17,Unreal Tournament 2004: Editor's Choice Edition,97
254,13240,1,9.99,92,2008-03-17 00:00:00,17,Unreal Tournament: Game of the Year Edition,97
255,13500,0,9.99,83,2008-11-21 00:00:00,17,Prince of Persia: Warrior Within™,86
256,13520,0,9.99,89,2008-04-01 00:00:00,17,Far Cry®,82
257,13530,0,9.99,85,2008-11-21 00:00:00,17,Prince of Persia: The Two Thrones™,77
258,13540,1,9.99,85,2008-04-09 00:00:00,17,Tom Clancy's Rainbow Six® Vegas,78
259,13560,0,9.99,91,2008-04-01 00:00:00,0,Tom Clancy's Splinter Cell®,86
260,13570,1,9.99,92,2009-08-27 00:00:00,0,Tom Clancy's Splinter Cell Chaos Theory®,92
261,13580,1,9.99,80,2009-02-13 00:00:00,17,Tom Clancy's Splinter Cell Double Agent®,39
262,13600,0,9.99,89,2008-11-21 00:00:00,0,Prince of Persia®: The Sands of Time,87
263,13620,1,4.99,82,2008-07-15 00:00:00,17,Tom Clancy's Ghost Recon® Desert Siege™,95
264,13630,0,4.99,82,2008-07-15 00:00:00,0,Tom Clancy's Ghost Recon® Island Thunder™,87
265,15000,1,9.99,59,2008-05-13 00:00:00,17,Tom Clancy's Rainbow Six Lockdown™,56
266,15080,0,9.99,58,2008-06-13 00:00:00,0,Rayman Raving Rabbids™,80
267,15100,0,19.99,79,2008-04-09 00:00:00,17,Assassin's Creed™: Director's Cut Edition,83
268,15120,1,9.99,78,2008-04-16 00:00:00,17,Tom Clancy's Rainbow Six® Vegas 2,85
269,15170,0,9.99,77,2008-05-13 00:00:00,0,Heroes of Might & Magic V,87
270,15190,0,9.99,87,2008-05-13 00:00:00,17,Brothers in Arms: Road to Hill 30™,86
271,15200,1,9.99,79,2008-06-13 00:00:00,0,Silent Hunter®: Wolves of the Pacific,66
272,15210,1,9.99,90,2008-06-13 00:00:00,0,Silent Hunter® III,86
273,15230,1,9.99,72,2008-05-13 00:00:00,0,Blazing Angels® 2: Secret Missions of WWII,-1
274,15270,0,9.99,66,2008-05-13 00:00:00,17,Cold Fear™,84
275,15280,1,9.99,86,2008-06-13 00:00:00,0,IL-2 Sturmovik: 1946,89
276,15300,0,9.99,80,2008-07-15 00:00:00,17,Tom Clancy's Ghost Recon®,92
277,15310,0,9.99,58,2008-07-22 00:00:00,0,The Settlers®: Heritage of Kings,-1
278,15320,1,9.99,86,2008-06-13 00:00:00,0,IL-2 Sturmovik: 1946,89
279,15370,0,9.99,70,2008-10-10 00:00:00,0,Heroes of Might & Magic V: Tribes of the East,92
280,15380,0,9.99,66,2008-10-10 00:00:00,0,Heroes of Might & Magic V: Hammers of Fate,87
281,15390,0,9.99,79,2008-10-08 00:00:00,17,Brothers in Arms: Hell's Highway™,89
282,15520,0,9.99,81,2009-09-03 00:00:00,0,AaAaAA!!! - A Reckless Disregard for Gravity,84
283,15620,1,19.99,85,2009-02-18 00:00:00,17,"Warhammer® 40,000™: Dawn of War® II",87
284,16300,0,9.99,77,2008-05-08 00:00:00,0,Everyday Shooter,92
285,16450,1,14.99,79,2009-02-12 00:00:00,17,F.E.A.R. 2: Project Origin,85
286,16710,0,2.99,65,2008-07-01 00:00:00,0,Insecticide Part 1,75
287,16720,0,4.99,61,2009-05-01 00:00:00,17,Velvet Assassin,60
288,16730,0,2.99,50,2008-12-01 00:00:00,17,Legendary,54
289,16810,1,19.99,83,2008-09-23 00:00:00,0,Sid Meier's Civilization IV: Colonization,85
290,17080,1,0.0,86,2012-06-27 00:00:00,0,Tribes: Ascend,79
291,17100,0,7.99,75,2008-07-08 00:00:00,0,Children of the Nile: Enhanced Edition,83
292,17140,0,9.99,65,2008-09-30 00:00:00,0,Hinterland,76
293,17300,0,19.99,91,2008-09-17 00:00:00,17,Crysis,82
294,17330,0,19.99,84,2008-09-17 00:00:00,17,Crysis Warhead®,84
295,17340,0,19.99,84,2008-09-17 00:00:00,17,Crysis Warhead®,84
296,17390,0,19.99,84,2008-12-19 00:00:00,0,SPORE™,90
297,17410,0,19.99,81,2009-01-14 00:00:00,0,Mirror's Edge™,87
298,17430,1,9.99,65,2008-12-19 00:00:00,0,Need for Speed Undercover,73
299,17450,0,19.99,91,2009-11-05 00:00:00,17,Dragon Age: Origins,92
300,17460,0,19.99,89,2008-12-19 00:00:00,17,Mass Effect,94
301,17470,0,19.99,86,2009-01-09 00:00:00,0,Dead Space,91
302,17480,0,19.99,82,2009-01-08 00:00:00,0,Command & Conquer: Red Alert 3,84
303,17710,1,9.99,71,2011-09-26 00:00:00,0,Nuclear Dawn,78
304,18040,0,14.99,77,2010-10-25 00:00:00,0,DeathSpank,94
305,18050,0,14.99,78,2010-11-30 00:00:00,0,DeathSpank: Thongs of Virtue,87
306,18070,0,14.99,63,2011-08-31 00:00:00,0,The Baconing,75
307,18120,0,9.99,73,2012-01-19 00:00:00,0,Unstoppable Gorg,78
308,18400,0,14.99,72,2008-06-20 00:00:00,0,Crazy Machines 2,57
309,18420,0,9.99,78,2008-12-12 00:00:00,0,Crazy Machines,81
310,18450,0,9.99,78,2008-12-12 00:00:00,0,Crazy Machines 1.5,-1
311,18460,0,9.99,78,2008-12-12 00:00:00,0,Crazy Machines 1.5,-1
312,18470,0,9.99,65,2009-04-30 00:00:00,0,Helldorado,77
313,18480,0,9.99,63,2009-07-29 00:00:00,0,Mata Hari,58
314,18500,0,9.99,81,2008-12-08 00:00:00,0,Defense Grid: The Awakening,97
315,18700,0,9.99,75,2009-04-02 00:00:00,0,And Yet It Moves,77
316,19000,0,39.99,64,2008-11-06 00:00:00,17,Silent Hill Homecoming,48
317,19030,0,14.99,63,2010-05-11 00:00:00,0,Rocket Knight,73
318,19680,0,19.99,75,2011-06-17 00:00:00,17,Alice: Madness Returns,-1
319,19800,0,9.99,84,2008-10-10 00:00:00,17,Brothers in Arms: Earned in Blood™,86
320,19810,1,9.99,72,2008-10-10 00:00:00,0,The Sum of All Fears,80
321,19830,1,9.99,85,2008-09-25 00:00:00,0,Tom Clancy's Rainbow Six® 3 Gold,91
322,19900,1,9.99,85,2008-10-22 00:00:00,17,Far Cry® 2: Fortune's Edition,76
323,19930,0,19.99,66,2008-10-10 00:00:00,0,The Settlers®: Rise Of An Empire Gold Edition,-1
324,19980,0,9.99,82,2008-12-10 00:00:00,0,Prince of Persia®,79
325,20500,1,19.99,82,2009-09-15 00:00:00,0,Red Faction Guerrilla Steam Edition,90
326,20510,1,9.99,75,2008-09-15 00:00:00,0,S.T.A.L.K.E.R.: Clear Sky,87
327,20530,1,9.99,78,2009-08-05 00:00:00,0,Red Faction,87
328,20540,1,19.99,70,2009-04-08 00:00:00,17,Company of Heroes: Tales of Valor,92
329,20550,0,9.99,64,2009-08-06 00:00:00,0,Red Faction II,53
330,20570,1,19.99,85,2010-03-10 00:00:00,17,"Warhammer® 40,000: Dawn of War® II Chaos Rising",88
331,20710,0,9.99,83,2008-11-03 00:00:00,0,Mr. Robot,84
332,20820,0,9.99,84,2010-03-15 00:00:00,0,Shatter,96
333,20900,0,9.99,86,2008-09-19 00:00:00,0,The Witcher: Enhanced Edition Director's Cut,88
334,20920,0,19.99,88,2012-04-16 00:00:00,17,The Witcher 2: Assassins of Kings Enhanced Edition,89
335,21000,0,19.99,80,2008-09-29 00:00:00,0,LEGO Batman,85
336,21010,1,4.99,61,2009-03-04 00:00:00,17,Watchmen: The End is Nigh,66
337,21030,0,4.99,44,2009-07-29 00:00:00,17,Watchmen: The End is Nigh Part 2,64
338,21090,0,9.99,88,2010-05-21 00:00:00,17,F.E.A.R.,94
339,21100,1,19.99,74,2011-06-21 00:00:00,17,F.E.A.R. 3,71
340,21110,0,9.99,88,2010-05-21 00:00:00,17,F.E.A.R.,94
341,21120,0,9.99,88,2010-05-21 00:00:00,17,F.E.A.R.,94
342,21130,0,19.99,79,2010-06-29 00:00:00,0,LEGO Harry Potter: Years 1-4,83
343,21640,0,4.99,65,2009-04-07 00:00:00,0,Flock!,76
344,21660,1,19.99,91,2009-07-07 00:00:00,0,Street Fighter® IV,69
345,21670,1,9.99,69,2009-07-28 00:00:00,17,Bionic Commando,75
346,21680,0,9.99,86,2009-07-28 00:00:00,17,Bionic Commando: Rearmed,71
347,21690,1,19.99,86,2009-09-15 00:00:00,17,Resident Evil™ 5/ Biohazard 5®,87
348,21760,1,9.99,89,2008-12-04 00:00:00,0,World In Conflict,-1
349,21780,0,9.99,61,2009-02-13 00:00:00,17,Driver® Parallel Lines,90
350,21800,1,9.99,68,2009-02-25 00:00:00,0,Tom Clancy's EndWar™,77
351,21980,1,9.99,78,2009-07-02 00:00:00,17,Call of Juarez®: Bound in Blood,84
352,22000,0,9.99,90,2008-10-13 00:00:00,0,World of Goo,94
353,22100,0,9.99,72,2008-11-03 00:00:00,0,Mount & Blade,92
354,22120,0,9.99,78,2009-01-23 00:00:00,17,Penumbra: Black Plague Gold Edition,93
355,22130,1,14.99,83,2009-01-23 00:00:00,0,Hearts of Iron 2 Complete,83
356,22140,0,0.0,67,1970-01-01 00:00:00,0,Penumbra: Requiem,50
357,22180,0,9.99,73,2009-03-06 00:00:00,17,Penumbra Overture,89
358,22200,0,9.99,77,2009-04-21 00:00:00,0,Zeno Clash,87
359,22230,1,9.99,74,2011-09-07 00:00:00,0,Rock of Ages,91
360,22300,0,9.99,91,2008-10-28 00:00:00,17,Fallout 3,77
361,22310,1,9.99,29,2009-12-01 00:00:00,17,Rogue Warrior,69
362,22320,0,19.99,89,2009-06-16 00:00:00,0,The Elder Scrolls III: Morrowind® Game of the Year Edition,95
363,22330,0,19.99,94,2009-06-16 00:00:00,17,The Elder Scrolls IV: Oblivion® Game of the Year Edition,95
364,22340,0,9.99,76,2009-06-16 00:00:00,17,Call of Cthulhu®: Dark Corners of the Earth,68
365,22350,1,19.99,70,2011-05-09 00:00:00,0,BRINK,61
366,22370,0,19.99,91,2009-12-17 00:00:00,17,Fallout 3: Game of the Year Edition,77
367,22380,0,9.99,84,2010-10-19 00:00:00,16,Fallout: New Vegas,96
368,22450,0,19.99,61,2011-05-30 00:00:00,0,Hunted: The Demon’s Forge™,72
369,22490,0,9.99,84,2010-10-19 00:00:00,16,Fallout: New Vegas,92
370,22600,1,19.99,79,2010-08-26 00:00:00,0,Worms Reloaded,84
371,22610,0,9.99,64,2010-06-03 00:00:00,0,Alien Breed: Impact,77
372,22650,0,9.99,63,2010-09-22 00:00:00,0,Alien Breed 2: Assault,77
373,22670,0,9.99,64,2010-11-17 00:00:00,0,Alien Breed 3: Descent,75
374,23310,0,9.99,66,2009-04-09 00:00:00,0,The Last Remnant™,81
375,23380,0,5.99,71,2009-11-18 00:00:00,0,Gyromancer,65
376,23400,0,9.99,63,2008-11-25 00:00:00,0,Imperium Romanum Gold Edition,81
377,23420,1,9.99,79,2008-12-18 00:00:00,0,Europa Universalis: Rome - Gold Edition ,66
378,23450,1,9.99,72,2009-03-20 00:00:00,0,Grand Ages: Rome,74
379,23460,0,9.99,73,2009-02-27 00:00:00,0,Ceville,81
380,23490,0,9.99,79,2009-10-20 00:00:00,0,Tropico 3 - Steam Special Edition,89
381,23500,1,9.99,72,2009-02-24 00:00:00,0,Puzzle Quest: Galactrix,46
382,23530,1,9.99,69,2011-12-14 00:00:00,0,Earth Defense Force: Insect Armageddon,88
383,23600,0,9.99,79,2010-11-23 00:00:00,0,Depths of Peril,84
384,24200,1,0.0,72,2011-11-02 00:00:00,0,DC Universe™ Online,79
385,24240,0,14.99,76,2011-10-20 00:00:00,17,PAYDAY™ The Heist,92
386,24420,0,9.99,82,2008-12-15 00:00:00,0,Aquaria,91
387,24460,0,4.99,54,2011-09-16 00:00:00,0,King Arthur: Fallen Champions,36
388,24480,0,9.99,66,2012-01-27 00:00:00,0,King Arthur II: The Role-Playing Wargame,53
389,24720,0,19.99,70,2009-06-23 00:00:00,0,SPORE™ Galactic Adventures,86
390,24740,1,19.99,87,2009-03-12 00:00:00,0,Burnout Paradise: The Ultimate Box,86
391,24790,0,14.99,85,2009-11-13 00:00:00,0,Command & Conquer 3: Tiberium Wars,90
392,24810,1,19.99,77,2009-11-13 00:00:00,0,Command & Conquer 3: Kane's Wrath,95
393,24840,1,9.99,78,2009-10-06 00:00:00,0,Medal of Honor: Airborne,79
394,24860,0,0.0,91,2009-10-06 00:00:00,0,Battlefield 2: Complete Collection,-1
395,24870,1,19.99,83,2009-10-06 00:00:00,0,Need for Speed: Shift,75
396,24960,1,19.99,87,2010-03-02 00:00:00,17,Battlefield: Bad Company™ 2,85
397,24980,0,19.99,94,2010-01-26 00:00:00,17,Mass Effect 2,94
398,25600,0,5.99,75,2009-02-10 00:00:00,0,Eschalon: Book I,85
399,25700,1,4.99,79,2009-09-17 00:00:00,0,Madballs in Babo:Invasion ,84
400,25800,1,14.99,83,2009-02-04 00:00:00,0,Europa Universalis III Complete,85
401,25830,1,9.99,77,2009-02-04 00:00:00,0,Knights of Honor,92
402,25850,1,4.99,71,2009-04-07 00:00:00,0,Elven Legacy,77
403,25860,1,9.99,75,2010-06-04 00:00:00,0,Sword of the Stars: Complete Collection,89
404,25890,1,9.99,77,2009-08-07 00:00:00,0,Hearts of Iron III,77
405,25900,0,6.99,79,2009-05-01 00:00:00,0,King's Bounty: The Legend,91
406,25910,1,9.99,65,2009-07-09 00:00:00,0,Supreme Ruler 2020 Gold,80
407,25980,0,9.99,72,2009-09-17 00:00:00,0,Majesty 2,69
408,26000,0,9.99,75,2009-03-09 00:00:00,0,The Maw,80
409,26300,1,4.99,35,2009-03-17 00:00:00,17,Drug Wars,34
410,26500,0,9.99,73,2009-04-14 00:00:00,0,Cogs,90
411,26800,0,14.99,90,2009-04-10 00:00:00,0,Braid,94
412,26900,0,19.99,79,2009-05-06 00:00:00,0,Crayon Physics Deluxe,91
413,27000,0,9.99,79,2009-03-18 00:00:00,0,The Path,77
414,27330,1,0.99,65,2010-07-14 00:00:00,0,Blacklight: Tango Down,40
415,27400,0,19.99,81,2009-02-23 00:00:00,0,Dangerous High School Girls in Trouble!™,72
416,28000,1,9.99,66,2010-08-17 00:00:00,17,Kane & Lynch 2: Dog Days,61
417,29160,0,4.99,68,2009-06-01 00:00:00,0,Blueberry Garden,75
418,29180,0,9.99,80,2009-08-18 00:00:00,0,Osmos,89
419,29900,1,9.99,66,2009-03-24 00:00:00,0,Dark Sector,83
420,31170,0,19.99,79,2009-07-07 00:00:00,0,Tales of Monkey Island Complete Pack,88
421,31180,0,19.99,79,2009-07-07 00:00:00,0,Tales of Monkey Island Complete Pack,88
422,31190,0,19.99,79,2009-07-07 00:00:00,0,Tales of Monkey Island Complete Pack,94
423,31200,0,19.99,79,2009-07-07 00:00:00,0,Tales of Monkey Island Complete Pack,77
424,31210,0,19.99,79,2009-07-07 00:00:00,0,Tales of Monkey Island Complete Pack,88
425,31270,0,4.99,70,2010-07-01 00:00:00,0,Puzzle Agent,87
426,31280,0,4.99,71,2010-11-22 00:00:00,0,Poker Night at the Inventory,88
427,31290,0,19.99,74,2010-12-23 00:00:00,0,Back to the Future: The Game,89
428,31300,0,19.99,30,2009-05-15 00:00:00,0,Tunnel Rats,30
429,31700,1,0.0,59,2008-12-05 00:00:00,0,Iron Grip: Warlord,87
430,31800,0,6.99,70,2009-10-10 00:00:00,0,Nancy Drew®: Danger by Design,76
431,31810,0,6.99,77,2009-10-10 00:00:00,0,Nancy Drew®: Last Train to Blue Moon Canyon,94
432,31820,0,6.99,85,2009-10-10 00:00:00,0,Nancy Drew®: The Haunted Carousel,90
433,31830,0,6.99,81,2009-10-10 00:00:00,0,Nancy Drew®: Curse of Blackmoor Manor,88
434,31840,0,6.99,81,2009-10-10 00:00:00,0,Nancy Drew ®: Danger on Deception Island,91
435,31860,0,6.99,79,2009-07-17 00:00:00,0,Nancy Drew®: Legend of the Crystal Skull,88
436,31880,0,6.99,80,2009-10-10 00:00:00,0,Nancy Drew®: Secret of the Old Clock,91
437,31900,0,6.99,68,2009-07-17 00:00:00,0,Nancy Drew®: The Creature of Kapu Cave,69
438,31910,0,6.99,81,2009-07-17 00:00:00,0,Nancy Drew®: The Haunting of Castle Malloy,80
439,31920,0,6.99,69,2009-07-17 00:00:00,0,Nancy Drew®: The Phantom of Venice,86
440,31930,0,6.99,73,2009-07-17 00:00:00,0,Nancy Drew®: The White Wolf of Icicle Creek,73
441,31980,0,6.99,78,2009-07-21 00:00:00,0,Nancy Drew®: Ransom of the Seven Ships,69
442,32330,0,19.99,78,2009-07-08 00:00:00,0,LEGO® Indiana Jones™: The Original Adventures,83
443,32350,0,5.99,71,2009-07-08 00:00:00,0,STAR WARS™ Starfighter™,50
444,32360,0,9.99,86,2009-07-15 00:00:00,0,The Secret of Monkey Island: Special Edition,95
445,32370,0,9.99,93,2009-09-05 00:00:00,0,STAR WARS™ - Knights of the Old Republic™,90
446,32380,1,5.99,91,2009-09-16 00:00:00,0,STAR WARS™ Jedi Knight - Dark Forces II,74
447,32410,0,5.99,59,2009-10-07 00:00:00,0,Lucidity™,72
448,32420,0,19.99,46,2009-10-06 00:00:00,0,STAR WARS™ The Clone Wars™ - Republic Heroes™,41
449,32430,0,19.99,65,2009-12-15 00:00:00,0,STAR WARS™ - The Force Unleashed™ Ultimate Sith Edition,71
450,32440,0,19.99,77,2009-11-12 00:00:00,0,LEGO® Star Wars™ - The Complete Saga,96
451,32450,0,19.99,66,2010-02-18 00:00:00,0,LEGO® Indiana Jones™ 2: The Adventure Continues,80
452,32460,0,9.99,87,2010-07-07 00:00:00,0,Monkey Island™ 2 Special Edition: LeChuck’s Revenge™,94
453,32500,0,19.99,59,2010-10-26 00:00:00,0,STAR WARS™ - The Force Unleashed™ II,60
454,32510,0,19.99,76,2011-03-22 00:00:00,0,LEGO® Star Wars™ III - The Clone Wars™,93
455,32640,1,9.99,74,2009-06-18 00:00:00,0,Delta Force Land Warrior,94
456,32650,1,9.99,51,2009-06-18 00:00:00,0,Delta Force: Task Force Dagger,78
457,32660,1,19.99,65,2009-06-18 00:00:00,0,Delta Force: Xtreme,81
458,32670,1,14.99,77,2009-06-18 00:00:00,0,Delta Force: Black Hawk Down,91
459,32750,1,9.99,74,2009-06-18 00:00:00,0,Comanche 4,89
460,32800,1,19.99,66,2011-11-01 00:00:00,0,Lord of the Rings: War in the North,79
461,32900,0,19.99,64,2009-05-27 00:00:00,0,Restaurant Empire II,73
462,33210,0,9.99,82,2009-06-23 00:00:00,0,Dawn of Discovery™,89
463,33230,0,19.99,86,2010-03-09 00:00:00,17,Assassin's Creed 2 Deluxe Edition,87
464,33320,0,9.99,75,2010-06-08 00:00:00,0,Prince of Persia: The Forgotten Sands™,68
465,33390,0,9.99,72,2011-01-12 00:00:00,0,Zeit²,78
466,33420,1,9.99,51,2011-09-13 00:00:00,0,Call of Juarez®: The Cartel,-1
467,33440,1,19.99,80,2011-09-27 00:00:00,0,Driver San Francisco,-1
468,33460,0,14.99,76,2011-08-17 00:00:00,0,From Dust,65
469,33570,0,4.99,75,2010-11-18 00:00:00,0,Patrician III,80
470,33610,0,5.99,82,2009-12-02 00:00:00,0,Broken Sword 3 - the Sleeping Dragon,53
471,33670,1,19.99,56,2010-07-16 00:00:00,0,Disciples III - Renaissance Steam Special Edition,58
472,33900,1,12.99,77,2009-06-29 00:00:00,17,Arma 2,83
473,33910,1,12.99,77,2009-06-29 00:00:00,17,Arma 2,-1
474,33930,1,19.99,73,2010-06-29 00:00:00,17,Arma 2: Operation Arrowhead,92
475,33990,0,12.99,63,2010-11-05 00:00:00,0,Alternativa,47
476,34010,0,14.99,72,2010-06-01 00:00:00,17,Alpha Protocol™,80
477,34030,1,19.99,81,2010-02-23 00:00:00,0,Napoleon: Total War™,90
478,34180,1,0.0,57,2010-02-18 00:00:00,0,Vancouver 2010™ - The Official Video Game of the Olympic Winter Games,-1
479,34190,0,9.99,65,2010-03-03 00:00:00,0,Sonic & SEGA All-Stars Racing,83
480,34410,0,9.99,73,2009-08-07 00:00:00,0,Death to Spies: Moment of Truth,83
481,34440,1,19.99,94,2006-10-25 00:00:00,0,Sid Meier's Civilization® IV,92
482,34450,0,4.99,84,2007-04-06 00:00:00,0,Civilization IV®: Warlords,91
483,34460,0,9.99,86,2007-07-24 00:00:00,0,Civilization IV: Beyond the Sword,96
484,34500,0,14.99,66,2009-06-04 00:00:00,0,Light of Altair,83
485,34600,0,7.99,69,2009-09-17 00:00:00,0,Order of War™,68
486,34630,0,9.99,77,2009-11-04 00:00:00,0,Massive Assault,88
487,34650,1,14.99,72,2009-11-04 00:00:00,0,Massive Assault Network 2,-1
488,34800,0,4.99,62,2009-06-18 00:00:00,0,Chronicles of Mystery: The Scorpio Ritual,70
489,34830,1,7.99,55,2010-06-24 00:00:00,0,Sniper: Ghost Warrior,56
490,34870,1,19.99,52,2013-03-11 00:00:00,17,Sniper: Ghost Warrior 2,73
491,34920,0,9.99,61,2010-07-19 00:00:00,0,Razor2: Hidden Skies,20
492,35000,0,9.99,74,2009-09-08 00:00:00,0,Mini Ninjas,89
493,35010,0,19.99,91,2010-03-26 00:00:00,0,Batman: Arkham Asylum Game of the Year Edition,96
494,35130,1,9.99,82,2010-09-28 00:00:00,0,Lara Croft and the Guardian of Light,91
495,35140,0,19.99,91,2010-03-26 00:00:00,0,Batman: Arkham Asylum Game of the Year Edition,96
496,35310,0,9.99,51,2009-07-20 00:00:00,0,Clutch,75
497,35450,1,19.99,76,2011-09-13 00:00:00,17,Red Orchestra 2: Heroes of Stalingrad with Rising Storm,93
498,35460,0,9.99,68,2010-10-26 00:00:00,17,The Ball,75
499,35700,1,14.99,80,2009-07-02 00:00:00,0,Trine Enchanted Edition,95
500,35720,1,19.99,84,2013-06-06 00:00:00,0,Trine 2: Complete Story,95
501,36620,1,0.0,69,2011-06-14 00:00:00,0,Forsaken World,-1
502,37010,0,9.99,61,2009-11-19 00:00:00,0,Ninja Blade,59
503,37030,0,9.99,68,2010-02-17 00:00:00,0,UFO: Extraterrestrials Gold,79
504,37260,0,9.99,71,2009-08-12 00:00:00,0,Emerald City Confidential™,94
505,37400,0,4.99,84,2009-08-25 00:00:00,0,"Time Gentlemen, Please! and Ben There, Dan That! Special Edition  Double Pack",86
506,37420,0,4.99,84,2009-08-25 00:00:00,0,"Time Gentlemen, Please! and Ben There, Dan That! Special Edition  Double Pack",86
507,37700,0,19.99,51,2009-09-01 00:00:00,0,Darkest of Days,72
508,37800,0,9.99,67,2009-09-03 00:00:00,0,Quantz,66
509,38210,1,2.99,72,2009-12-17 00:00:00,0,Roogoo,79
510,38230,0,7.99,58,2010-01-27 00:00:00,0,Hotel Giant 2,43
511,38400,0,9.99,89,2009-08-19 00:00:00,16,Fallout: A Post Nuclear Role Playing Game,94
512,38410,0,9.99,86,2009-08-19 00:00:00,16,Fallout 2: A Post Nuclear Role Playing Game,94
513,38420,1,9.99,82,2009-08-19 00:00:00,16,Fallout Tactics: Brotherhood of Steel,80
514,38440,0,9.99,89,2009-08-19 00:00:00,0,Sacrifice,91
515,38460,0,9.99,83,2009-09-17 00:00:00,0,MDK 2,80
516,38700,0,4.99,80,2010-01-28 00:00:00,0,Toki Tori,88
517,38720,0,4.99,73,2010-12-03 00:00:00,0,RUSH,90
518,38740,0,7.99,74,2011-08-11 00:00:00,0,EDGE,92
519,38830,1,0.0,68,2011-08-22 00:00:00,0,CrimeCraft: GangWars,-1
520,39120,1,0.0,84,2011-03-01 00:00:00,0,RIFT,74
521,39160,1,14.99,72,2011-06-20 00:00:00,0,Dungeon Siege III,55
522,39190,0,6.99,86,2011-04-05 00:00:00,0,Dungeon Siege,78
523,39200,0,6.99,80,2005-08-16 00:00:00,0,Dungeon Siege II,71
524,39500,0,9.99,63,2009-12-02 00:00:00,0,Gothic® 3,81
525,39510,0,9.99,79,1970-01-01 00:00:00,0,Gothic II: Gold Edition,90
526,39530,1,9.99,81,2007-01-24 00:00:00,17,Painkiller: Black Edition,89
527,39540,0,9.99,74,2009-11-03 00:00:00,0,SpellForce - Platinum Edition,83
528,39550,0,14.99,80,2009-10-29 00:00:00,0,SpellForce 2: Gold Edition,71
529,39630,1,4.99,67,2010-04-20 00:00:00,0,AquaNox,77
530,39640,0,4.99,59,2010-04-20 00:00:00,0,AquaNox 2: Revelation,76
531,39650,0,9.99,61,2010-06-24 00:00:00,0,The Guild II,69
532,39660,0,9.99,63,2010-06-24 00:00:00,0,The Guild II - Pirates of the European Seas,69
533,39670,1,4.99,66,2010-07-16 00:00:00,0,Chaser,74
534,39680,0,9.99,56,2010-07-28 00:00:00,0,The Guild II Renaissance,80
535,39690,0,19.99,63,2010-10-15 00:00:00,0,ArcaniA,56
536,40100,1,12.99,77,2010-03-01 00:00:00,0,Supreme Commander 2,87
537,40300,0,9.99,77,2009-10-02 00:00:00,17,Risen,89
538,40320,1,4.99,76,2009-10-29 00:00:00,0,Rush for Berlin Gold,88
539,40340,0,9.99,64,2009-10-29 00:00:00,0,Secret Files 2: Puritas Cordis,81
540,40350,0,9.99,77,2010-09-24 00:00:00,0,Lost Horizon,90
541,40380,0,4.99,69,2010-11-30 00:00:00,0,nail'd,79
542,40390,0,9.99,69,2012-04-26 00:00:00,0,Risen 2: Dark Waters,80
543,40400,1,9.99,80,2009-10-21 00:00:00,0,AI War: Fleet Command,86
544,40420,1,4.99,75,2010-07-16 00:00:00,0,Tidalis,70
545,40700,0,9.99,85,2009-10-16 00:00:00,0,Machinarium,95
546,40800,0,14.99,87,2010-11-30 00:00:00,0,Super Meat Boy,94
547,40930,0,4.99,79,2010-04-20 00:00:00,0,The Misadventures of P.B. Winterbottom,88
548,40950,1,5.99,81,2013-10-21 00:00:00,0,Stronghold HD,94
549,40960,1,5.99,81,2013-10-21 00:00:00,0,Stronghold HD,87
550,40970,1,9.99,78,2013-10-21 00:00:00,0,Stronghold Crusader HD,97
551,40980,1,5.99,81,2013-10-21 00:00:00,0,Stronghold HD,84
552,41000,1,29.99,68,2009-11-24 00:00:00,17,Serious Sam HD: The First Encounter,94
553,41050,1,99.99,87,2010-03-22 00:00:00,0,Serious Sam Classic: The First Encounter,96
554,41060,1,99.99,85,2010-09-22 00:00:00,0,Serious Sam Classic: The Second Encounter,96
555,41070,1,99.99,72,2011-11-22 00:00:00,0,Serious Sam 3: BFE,88
556,41300,1,0.0,79,2009-12-04 00:00:00,0,Altitude,92
557,41500,0,14.99,83,2009-10-27 00:00:00,0,Torchlight,91
558,41700,1,19.99,80,2010-02-11 00:00:00,0,S.T.A.L.K.E.R.: Call of Pripyat,96
559,41800,1,14.99,72,2009-11-16 00:00:00,0,Gratuitous Space Battles,81
560,41900,0,9.99,70,2009-12-11 00:00:00,0,The Bard's Tale,78
561,42120,1,9.99,70,2010-04-08 00:00:00,17,Lead and Gold: Gangs of the Wild West,71
562,42140,0,9.99,77,2011-05-31 00:00:00,0,Hamilton's Great Adventure,66
563,42160,1,0.0,73,2013-02-06 00:00:00,0,War of the Roses,-1
564,42170,0,14.99,52,2012-06-12 00:00:00,0,Krater,56
565,42200,0,6.99,77,2009-11-19 00:00:00,0,Nancy Drew® Dossier™: Resorting to Danger!,80
566,42650,1,19.99,75,2010-06-22 00:00:00,0,Transformers™: War for Cybertron™,-1
567,42670,1,29.99,76,2010-06-30 00:00:00,0,Singularity™,92
568,42700,1,39.99,81,2010-11-09 00:00:00,17,Call of Duty®: Black Ops,89
569,42710,1,39.99,81,2010-11-09 00:00:00,17,Call of Duty®: Black Ops,89
570,42890,1,9.99,75,2010-06-04 00:00:00,0,Sword of the Stars: Complete Collection,89
571,42910,1,9.99,74,2011-01-25 00:00:00,0,Magicka,89
572,42920,1,9.99,71,2010-10-08 00:00:00,0,The Kings' Crusade,39
573,42950,1,1.99,68,2009-10-20 00:00:00,0,Elven Legacy: Ranger,91
574,42960,1,19.99,75,2010-08-30 00:00:00,0,Victoria II,91
575,42990,1,19.99,65,2012-11-30 00:00:00,0,Sword of the Stars II: Enhanced Edition,43
576,43000,1,9.99,63,2010-09-28 00:00:00,0,Front Mission Evolved,61
577,43110,0,14.99,81,2010-03-15 00:00:00,0,Metro 2033,93
578,43190,1,14.99,51,2011-10-24 00:00:00,17,The Haunted: Hells Reach,85
579,43500,0,9.99,53,2010-04-19 00:00:00,0,M.U.D. TV,39
580,43600,0,6.99,76,2010-01-13 00:00:00,0,Nancy Drew®: Warnings at Waverly Academy,89
581,44200,1,9.99,68,2010-02-11 00:00:00,0,Galcon Fusion,-1
582,44310,1,9.99,84,2010-09-21 00:00:00,0,F1 2010™,-1
583,44340,1,9.99,67,2011-06-06 00:00:00,17,Operation Flashpoint: Red River,54
584,44350,1,29.99,80,2013-05-27 00:00:00,0,GRID 2,83
585,44360,1,14.99,83,2011-09-19 00:00:00,0,F1 2011,73
586,44680,1,12.99,72,2011-11-18 00:00:00,0,RACE Injection,-1
587,44690,1,7.99,84,2012-11-28 00:00:00,0,GT Legends,88
588,45000,1,9.99,75,2010-03-15 00:00:00,0,Sol Survivor,90
589,45300,0,9.99,78,2010-01-08 00:00:00,0,Wings of Prey,65
590,45450,0,1.99,74,2011-05-06 00:00:00,0,Fortix 2,92
591,45700,0,19.99,78,2009-12-22 00:00:00,0,Devil May Cry 4,91
592,45710,0,9.99,57,2010-01-19 00:00:00,0,Dark Void™,52
593,45720,1,19.99,70,2010-02-11 00:00:00,0,Lost Planet: Extreme Condition Colonies Edition,60
594,45740,1,19.99,78,2010-09-27 00:00:00,17,Dead Rising® 2,77
595,45750,1,19.99,63,2010-10-15 00:00:00,0,Lost Planet® 2,66
596,45770,0,19.99,66,2011-10-11 00:00:00,17,Dead Rising 2: Off the Record,78
597,46000,0,6.99,73,2010-01-22 00:00:00,0,Bob Came in Pieces,69
598,46290,1,3.99,66,2010-07-09 00:00:00,0,Theatre of War,60
599,46340,1,8.99,63,2010-07-09 00:00:00,0,Theatre of War 2: Africa 1943,73
600,46370,0,9.99,61,2010-07-09 00:00:00,0,Rig n Roll,59
601,46380,0,3.99,60,2010-07-12 00:00:00,0,Reign: Conflict of Nations,43
602,46410,0,9.99,68,2010-03-17 00:00:00,0,Avencast: Rise of the Mage,73
603,46450,0,9.99,65,2010-10-15 00:00:00,0,Grotesque Tactics: Evil Heroes,59
604,46480,0,7.99,75,2011-06-01 00:00:00,17,Still Life,83
605,46490,0,7.99,67,2011-06-01 00:00:00,17,Still Life 2,47
606,46500,0,12.99,82,2011-05-19 00:00:00,0,Syberia,89
607,46510,0,12.99,80,2011-05-19 00:00:00,0,Syberia II,86
608,46540,1,4.99,50,2011-07-15 00:00:00,0,Trapped Dead,39
609,46550,0,7.99,71,2011-08-26 00:00:00,0,Post Mortem,54
610,46560,0,7.99,80,2011-08-26 00:00:00,0,Robin Hood: The Legend of Sherwood,61
611,46570,0,9.99,48,2011-11-21 00:00:00,0,Grotesque Tactics 2 – Dungeons and Donuts,50
612,46750,0,12.99,75,2010-04-21 00:00:00,0,Dark Fall: Lost Souls,62
613,46770,1,14.99,38,2010-08-27 00:00:00,0,Making History II: The War of the World,80
614,46790,0,14.99,66,2011-04-08 00:00:00,0,Armada 2526,57
615,47410,1,0.0,75,2012-02-27 00:00:00,0,Stronghold Kingdoms,64
616,47540,1,9.99,83,2010-08-12 00:00:00,0,Puzzle Quest 2,80
617,47700,1,19.99,64,2010-03-16 00:00:00,0,Command & Conquer 4: Tiberian Twilight,17
618,47730,0,19.99,82,2010-03-16 00:00:00,17,Dragon Age™: Origins Awakening,92
619,47780,1,19.99,87,2011-01-25 00:00:00,0,Dead Space™ 2,93
620,47790,1,19.99,72,2010-10-12 00:00:00,17,Medal of Honor™,78
621,47800,1,9.99,77,2011-03-08 00:00:00,0,RISK™: Factions,70
622,47810,0,29.99,91,2010-10-26 00:00:00,17,Dragon Age: Origins - Ultimate Edition,91
623,47830,1,19.99,72,2010-10-12 00:00:00,17,Medal of Honor™,78
624,47870,1,19.99,86,2010-12-14 00:00:00,0,Need For Speed: Hot Pursuit,81
625,47890,0,19.99,86,2011-01-27 00:00:00,0,The Sims™ 3,84
626,47920,1,19.99,84,2011-03-29 00:00:00,0,Shift 2 Unleashed,65
627,48000,0,9.99,88,2011-08-02 00:00:00,0,LIMBO,93
628,48110,1,9.99,62,2010-03-01 00:00:00,0,Silent Hunter 5®: Battle of the Atlantic,42
629,48190,1,19.99,88,2011-03-22 00:00:00,17,Assassin’s Creed® Brotherhood,88
630,48210,1,19.99,79,2011-03-10 00:00:00,0,The Settlers 7: Paths to a Kingdom: Deluxe Gold Edition,-1
631,48220,0,19.99,77,2011-10-13 00:00:00,0,Might & Magic: Heroes VI,47
632,48240,1,19.99,83,2011-11-17 00:00:00,0,Anno 2070™,59
633,48700,1,19.99,78,2010-03-31 00:00:00,0,Mount & Blade: Warband,97
634,48720,1,9.99,68,2011-05-03 00:00:00,0,Mount & Blade: With Fire & Sword,86
635,48800,1,19.99,49,2010-08-27 00:00:00,0,Ship Simulator Extremes,47
636,48950,1,9.99,76,2010-12-10 00:00:00,0,Greed Corp,88
637,49300,0,0.0,68,2010-07-30 00:00:00,0,Commander: Conquest of the Americas,48
638,49330,0,9.99,56,2011-08-02 00:00:00,0,Pirates of Black Cove,60
639,49470,1,19.99,77,2011-06-15 00:00:00,0,Magic: The Gathering - Duels of the Planeswalkers 2012,87
640,49520,0,19.99,89,2012-09-17 00:00:00,17,Borderlands 2,95
641,49540,1,14.99,45,2013-02-11 00:00:00,17,Aliens: Colonial Marines,58
642,49600,1,9.99,70,2010-04-15 00:00:00,0,Beat Hazard,95
643,49810,0,4.99,55,2011-02-23 00:00:00,0,CreaVures,81
644,49900,1,4.99,76,2010-04-05 00:00:00,0,Plain Sight,64
645,50000,0,9.99,80,2010-10-25 00:00:00,0,Nimbus,95
646,50130,0,0.0,77,2011-03-22 00:00:00,18,Mafia II,94
647,50300,1,29.99,76,2012-06-25 00:00:00,17,Spec Ops: The Line,93
648,50510,0,9.99,72,2010-08-12 00:00:00,0,Burn Zombie Burn!,39
649,50620,0,19.99,83,2010-09-22 00:00:00,17,Darksiders™,89
650,50640,0,19.99,83,2010-09-22 00:00:00,17,Darksiders™,89
651,55000,0,9.99,72,2010-04-01 00:00:00,0,Flotilla,85
652,55040,0,9.99,75,2011-03-14 00:00:00,0,Atom Zombie Smasher,89
653,55100,1,19.99,70,2011-03-14 00:00:00,17,Homefront,62
654,55110,0,19.99,75,2011-06-06 00:00:00,17,Red Faction®: Armageddon™,70
655,55150,1,29.99,74,2011-09-05 00:00:00,17,"Warhammer 40,000: Space Marine",93
656,55230,0,14.99,84,2011-11-14 00:00:00,17,Saints Row: The Third,96
657,57200,0,2.99,79,2010-06-21 00:00:00,0,Puzzle Dimension,90
658,57300,0,19.99,85,2010-09-08 00:00:00,0,Amnesia: The Dark Descent,95
659,57620,0,19.99,66,2010-09-17 00:00:00,0,Patrician IV - Steam Special Edition,58
660,57650,0,14.99,65,2011-02-10 00:00:00,0,DUNGEONS - Steam Special Edition,43
661,57680,1,19.99,57,2011-05-12 00:00:00,0,The First Templar - Steam Special Edition,74
662,57690,0,14.99,78,2011-09-01 00:00:00,0,Tropico 4: Steam Special Edition,91
663,57700,0,5.99,76,2011-01-31 00:00:00,0,Who's That Flying?!,70
664,57740,0,29.99,62,2012-02-08 00:00:00,17,Jagged Alliance - Back in Action,69
665,57800,0,4.99,62,2010-10-15 00:00:00,0,Doc Clock: The Toasted Sandwich of Time,35
666,57900,1,19.99,54,2011-06-13 00:00:00,17,Duke Nukem Forever,68
667,58200,0,9.99,71,2010-06-07 00:00:00,0,Jolly Rover,87
668,58230,0,9.99,73,2012-04-19 00:00:00,0,MacGuffin's Curse,94
669,58400,0,4.99,76,2010-07-01 00:00:00,0,Turba,40
670,58520,1,19.99,73,2010-10-28 00:00:00,0,Blood Bowl® Legendary Edition,80
671,58560,0,9.99,79,2011-04-21 00:00:00,0,Runaway: A Twist of Fate,87
672,58570,0,9.99,75,2011-04-21 00:00:00,0,The Next BIG Thing,84
673,58610,1,9.99,81,2012-02-22 00:00:00,0,Wargame: European Escalation,75
674,61220,0,9.99,38,2011-03-11 00:00:00,0,Battle: Los Angeles,-1
675,61510,1,9.99,86,2010-10-01 00:00:00,0,Age of Wonders II: The Wizard's Throne,81
676,61520,1,9.99,82,2010-10-01 00:00:00,0,Age of Wonders Shadow Magic,90
677,61700,1,9.99,76,2011-09-22 00:00:00,0,Might & Magic: Clash of Heroes,85
678,63000,1,9.99,65,2011-04-04 00:00:00,0,HOARD,85
679,63110,0,9.99,59,2010-08-03 00:00:00,0,Alter Ego,68
680,63200,1,4.99,82,2011-01-24 00:00:00,0,Monday Night Combat,80
681,63380,1,29.99,66,2012-04-30 00:00:00,0,Sniper Elite V2,88
682,63600,0,5.99,66,2010-08-04 00:00:00,0,realMYST,-1
683,63610,0,5.99,83,2010-08-04 00:00:00,0,Riven: The Sequel to MYST,84
684,63900,1,4.99,67,2010-08-06 00:00:00,0,Fantasy Wars,88
685,63910,0,14.99,78,2010-09-17 00:00:00,0,King's Bounty: Crossworlds,91
686,63940,1,7.99,68,2011-09-08 00:00:00,0,Men of War: Vietnam,63
687,63950,1,9.99,60,2011-07-19 00:00:00,0,IL-2 Sturmovik: Cliffs of Dover,64
688,63960,1,19.99,49,2011-03-24 00:00:00,0,Theatre of War 3: Korea,41
689,64000,1,9.99,77,2011-02-24 00:00:00,0,Men of War: Assault Squad,87
690,65080,0,6.99,69,2011-01-20 00:00:00,0,Kaptain Brawe: A Brawe New World,75
691,65300,0,9.99,79,2012-01-17 00:00:00,0,Dustforce DX,93
692,65500,0,4.99,63,2010-10-04 00:00:00,0,Aura: Fate of the Ages,60
693,65530,1,14.99,55,2012-06-19 00:00:00,0,SpellForce 2: Faith in Destiny,57
694,65540,0,19.99,81,2001-03-15 00:00:00,0,Gothic 1,88
695,65560,0,4.99,43,2011-02-25 00:00:00,0,Painkiller Redemption,50
696,65730,1,19.99,70,2011-10-27 00:00:00,0,Take On Helicopters,60
697,65800,1,14.99,81,2011-10-18 00:00:00,0,Dungeon Defenders,93
698,65930,0,19.99,66,2013-08-19 00:00:00,17,The Bureau: XCOM Declassified,66
699,67370,0,29.99,77,2012-02-06 00:00:00,17,The Darkness II,90
700,70000,1,9.99,53,2011-04-08 00:00:00,0,Dino D-Day,85
701,70300,0,4.99,81,2010-09-07 00:00:00,0,VVVVVV,96
702,70400,0,19.99,82,2010-09-10 00:00:00,0,Recettear: An Item Shop's Tale,96
703,70420,0,9.99,62,2011-07-29 00:00:00,0,Chantelise - A Tale of Two Sisters,75
704,70600,1,14.99,66,2011-09-28 00:00:00,0,Worms Ultimate Mayhem,88
705,70650,0,7.99,73,2011-10-19 00:00:00,0,Worms Blast,62
706,71000,1,19.99,70,2012-01-16 00:00:00,0,Evochron Mercenary,76
707,71340,0,29.99,77,2011-11-03 00:00:00,0,Sonic Generations,93
708,72000,0,9.99,78,2012-09-07 00:00:00,0,Closure,84
709,72200,0,9.99,83,2011-04-29 00:00:00,0,Universe Sandbox,80
710,72850,0,19.99,94,2011-11-10 00:00:00,17,The Elder Scrolls V: Skyrim,94
711,73010,0,19.99,70,2011-02-22 00:00:00,0,Cities in Motion,76
712,73060,1,9.99,58,2012-03-14 00:00:00,0,Defenders of Ardania,31
713,73170,1,9.99,81,2011-04-08 00:00:00,0,Darkest Hour: A Hearts of Iron Game,89
714,73190,1,19.99,70,2011-06-07 00:00:00,0,Pride of Nations,45
715,73210,1,9.99,70,2011-09-15 00:00:00,0,Sengoku,61
716,73220,1,9.99,63,2011-07-29 00:00:00,0,Supreme Ruler: Cold War,62
717,78000,0,4.99,82,2010-12-07 00:00:00,0,Bejeweled® 3,96
718,80000,1,14.99,48,2011-01-20 00:00:00,0,APOX,22
719,80200,0,9.99,70,2011-02-28 00:00:00,0,Fate of the World,79
720,80310,0,9.99,82,2011-10-26 00:00:00,0,Gemini Rue,89
721,80330,0,4.99,80,2012-01-13 00:00:00,0,The Blackwell Legacy,89
722,80360,0,9.99,73,2012-01-13 00:00:00,0,Blackwell Deception,97
723,90500,0,4.99,55,2010-11-10 00:00:00,0,Guardians of Graxia,40
724,91100,1,9.99,73,2011-11-21 00:00:00,0,SkyDrift,89
725,91200,0,9.99,80,2011-04-08 00:00:00,0,Anomaly: Warzone Earth,87
726,91310,1,19.99,80,1970-01-01 00:00:00,17,Dead Island: Game of the Year Edition,-1
727,91330,1,14.99,55,2012-05-25 00:00:00,0,Iron Front: Digital War Edition,59
728,91600,1,9.99,70,2011-04-15 00:00:00,0,Sanctum,90
729,91900,1,9.99,44,2011-03-17 00:00:00,0,Post Apocalyptic Mayhem,88
730,92000,0,4.99,64,2011-05-09 00:00:00,17,Hydrophobia: Prophecy,60
731,92300,0,9.99,68,2011-01-19 00:00:00,0,A.R.E.S.: Extinction Agenda,71
732,92600,0,9.99,67,2011-09-16 00:00:00,0,Xotic,79
733,92700,0,9.99,34,2011-04-05 00:00:00,17,Shadow Harvest: Phantom Ops,28
734,92800,0,9.99,84,2011-03-02 00:00:00,0,SpaceChem,95
735,93200,0,9.99,79,2011-03-16 00:00:00,0,Revenge of the Titans,82
736,94200,0,9.99,81,2011-06-08 00:00:00,0,Jamestown,94
737,94300,0,3.99,77,2012-05-11 00:00:00,0,The Dream Machine: Chapter 1 & 2,91
738,94500,0,19.99,74,2010-12-23 00:00:00,0,Back to the Future: The Game,88
739,94510,0,19.99,74,2010-12-23 00:00:00,0,Back to the Future: The Game,87
740,94520,0,19.99,74,2010-12-23 00:00:00,0,Back to the Future: The Game,91
741,94530,0,19.99,74,2010-12-23 00:00:00,0,Back to the Future: The Game,90
742,94590,0,9.99,63,2011-06-30 00:00:00,0,Puzzle Agent 2,86
743,94620,0,19.99,75,2011-08-25 00:00:00,0,Hector: Badge of Carnage - Full Series,95
744,95300,0,9.99,80,2011-04-29 00:00:00,0,Capsized,83
745,95900,1,7.99,65,2011-09-30 00:00:00,0,Air Conflicts: Secret Wars,67
746,96000,0,4.99,63,2011-04-22 00:00:00,0,The Tiny Bang Story,88
747,96200,1,14.99,55,2011-05-11 00:00:00,0,Steel Storm: Burning Retribution,78
748,96800,1,9.99,54,2012-05-10 00:00:00,0,Nexuiz,58
749,97000,0,9.99,72,2011-06-17 00:00:00,0,Solar 2,91
750,97100,0,9.99,77,2011-05-04 00:00:00,0,Section 8®: Prejudice™,76
751,97110,1,9.99,87,2011-08-24 00:00:00,0,Kohan: Immortal Sovereigns,86
752,97120,1,9.99,79,2011-08-24 00:00:00,0,Kohan: Ahriman's Gift,87
753,97130,1,9.99,81,2011-08-24 00:00:00,13,Kohan II: Kings of War,92
754,97330,1,9.99,77,2012-06-20 00:00:00,0,Magic: The Gathering - Duels of the Planeswalkers 2013,87
755,98100,0,6.99,62,2011-08-08 00:00:00,0,Trauma,72
756,98200,1,24.99,85,2011-05-26 00:00:00,0,Frozen Synapse,89
757,98300,0,9.99,71,2012-04-27 00:00:00,0,Toy Soldiers,89
758,98400,0,14.99,73,2012-07-12 00:00:00,17,Hard Reset Extended Edition,83
759,98500,1,2.99,57,2011-05-25 00:00:00,0,Naval Warfare,55
760,98800,0,4.99,79,2011-07-13 00:00:00,0,Dungeons of Dredmor,94
761,99120,1,9.99,56,2011-04-28 00:00:00,0,Yar's Revenge,60
762,99200,0,0.0,71,2011-02-08 00:00:00,0,YOU DON’T KNOW JACK®,90
763,99300,1,15.0,76,2011-10-26 00:00:00,0,Renegade Ops,84
764,99400,0,4.99,49,2011-05-09 00:00:00,0,Garshasp: The Monster Slayer,50
765,99700,0,9.99,78,2011-03-01 00:00:00,0,NightSky,91
766,99810,0,19.99,82,2011-02-21 00:00:00,17,Bulletstorm™,-1
767,99900,1,0.0,64,2011-06-14 00:00:00,0,Spiral Knights,84
768,102200,0,9.99,69,2011-07-20 00:00:00,0,Runespell: Overture,77
769,102400,1,9.99,70,2011-06-10 00:00:00,0,Vertex Dispenser,-1
770,102500,0,19.99,81,2012-02-07 00:00:00,17,Kingdoms of Amalur: Reckoning™,88
771,102600,0,9.99,83,2011-10-11 00:00:00,0,Orcs Must Die!,96
772,102820,0,0.0,77,2011-05-19 00:00:00,0,The Sims Medieval,-1
773,102840,0,9.99,72,2012-02-07 00:00:00,17,Shank 2,81
774,104700,1,0.0,76,2012-04-19 00:00:00,0,Super MNC,-1
775,105000,0,9.99,72,2012-12-11 00:00:00,0,A New Beginning - Final Cut,74
776,105100,0,5.99,69,2011-05-09 00:00:00,0,Lume,46
777,105300,0,1.99,81,2011-06-20 00:00:00,0,Critical Mass,77
778,105450,1,39.99,81,2012-01-05 00:00:00,0,Age of Empires® III: Complete Collection,90
779,105600,1,9.99,83,2011-05-16 00:00:00,0,Terraria,98
780,105700,0,4.99,75,2011-07-18 00:00:00,0,Tobe's Vertical Adventure,71
781,105800,0,9.99,81,2012-02-02 00:00:00,0,PixelJunk™ Eden,86
782,107100,0,14.99,86,2011-08-16 00:00:00,0,Bastion,95
783,107200,0,9.99,74,2011-08-15 00:00:00,0,Space Pirates and Zombies,92
784,107310,0,2.99,78,2011-07-13 00:00:00,0,Cthulhu Saves the World,92
785,107410,1,39.99,74,2013-09-12 00:00:00,17,Arma 3,90
786,107600,0,4.99,82,2011-11-16 00:00:00,0,Waves,94
787,107800,0,9.99,81,2011-11-15 00:00:00,0,Rochard,91
788,108110,0,13.99,46,2012-02-16 00:00:00,0,Starpoint Gemini,29
789,108500,0,19.99,81,2012-03-01 00:00:00,0,Vessel,88
790,108710,0,29.99,83,2012-02-16 00:00:00,0,Alan Wake,90
791,109700,1,19.99,54,2011-08-29 00:00:00,0,Achron,60
792,110400,1,9.99,59,2011-10-31 00:00:00,0,inMomentum,87
793,110800,0,19.99,83,2011-11-08 00:00:00,17,L.A. Noire,85
794,111800,0,4.99,72,2011-08-19 00:00:00,0,Blocks That Matter,82
795,111900,1,19.99,56,2013-08-29 00:00:00,0,Guardians of Middle-earth,27
796,112100,0,9.99,75,2011-08-17 00:00:00,0,Avadon: The Black Fortress,82
797,113020,1,14.99,83,2013-04-24 00:00:00,0,Monaco: What's Yours Is Mine,92
798,113200,0,4.99,84,2011-09-28 00:00:00,0,The Binding of Isaac,95
799,113420,1,0.0,71,2012-02-22 00:00:00,0,Fallen Earth Free2Play,56
800,115110,0,9.99,80,2012-03-06 00:00:00,0,Stacking,91
801,115120,1,14.99,75,2012-08-13 00:00:00,0,Iron Brigade,84
802,115200,0,4.99,73,2011-08-26 00:00:00,0,Cossacks II: Napoleonic Wars,49
803,115210,0,4.99,76,2011-08-26 00:00:00,0,American Conquest,65
804,115220,0,4.99,66,2011-08-26 00:00:00,0,American Conquest: Fight Back,67
805,115320,0,39.99,76,2012-07-24 00:00:00,17,Prototype 2,70
806,200010,0,8.99,77,2012-06-21 00:00:00,0,Quantum Conundrum,84
807,200020,1,4.99,37,2011-10-26 00:00:00,0,Global Ops: Commando Libya,37
808,200050,1,19.99,64,2012-04-10 00:00:00,0,Naval War: Arctic Circle,-1
809,200170,1,14.99,73,2012-10-10 00:00:00,0,Worms Revolution,85
810,200190,0,9.99,71,2011-11-15 00:00:00,0,Sideway™ New York,55
811,200210,1,0.0,82,2012-02-20 00:00:00,0,Realm of the Mad God,84
812,200230,1,6.99,60,2011-09-29 00:00:00,0,Off-Road Drive,63
813,200260,0,19.99,91,2012-09-07 00:00:00,0,Batman: Arkham City - Game of the Year Edition,95
814,200370,0,9.99,60,2012-10-23 00:00:00,0,A Game of Dwarves,63
815,200390,1,7.99,67,2012-01-25 00:00:00,0,Oil Rush,59
816,200410,0,7.99,57,2012-01-25 00:00:00,0,SOL: Exodus,55
817,200490,0,12.99,66,2012-11-09 00:00:00,17,Memento Mori,64
818,200510,1,29.99,89,2012-10-08 00:00:00,17,XCOM: Enemy Unknown,94
819,200550,1,19.99,72,2011-09-27 00:00:00,17,Dungeons - The Dark Lord,38
820,200630,1,9.99,22,2012-03-27 00:00:00,0,Gettysburg: Armored Warfare,-1
821,200670,0,19.99,63,2011-10-11 00:00:00,0,Disciples III - Resurrection,32
822,200710,1,19.99,88,2012-09-20 00:00:00,0,Torchlight II,93
823,200900,0,14.99,83,2011-11-22 00:00:00,0,Cave Story+,93
824,200910,0,4.99,70,2011-10-20 00:00:00,0,Before the Echo,88
825,201230,1,0.0,83,2011-12-07 00:00:00,0,EverQuest® II Free-To-Play. Your Way.™,77
826,201290,1,19.99,87,2011-11-16 00:00:00,0,Sins of a Solar Empire®: Trinity,77
827,201480,0,4.99,64,2011-10-24 00:00:00,0,Serious Sam: The Random Encounter,52
828,201490,0,19.99,57,2011-10-24 00:00:00,0,Airline Tycoon 2,18
829,201700,1,14.99,72,2012-05-23 00:00:00,0,DiRT Showdown,-1
830,201790,0,14.99,83,2012-07-30 00:00:00,0,Orcs Must Die! 2,94
831,201830,0,19.99,54,2011-11-15 00:00:00,0,Jurassic Park: The Game,69
832,201870,1,19.99,80,2011-11-29 00:00:00,17,Assassin's Creed® Revelations,84
833,202070,0,9.99,65,2012-01-11 00:00:00,0,Choplifter HD,88
834,202090,1,0.0,69,2015-04-28 00:00:00,0,Magicka: Wizard Wars,-1
835,202130,1,19.99,45,2013-02-14 00:00:00,0,Impire,46
836,202170,0,0.0,81,1970-01-01 00:00:00,17,Sleeping Dogs,93
837,202200,0,19.99,92,2011-12-02 00:00:00,0,Galactic Civilizations® II: Ultimate Edition,78
838,202310,0,9.99,72,2012-03-29 00:00:00,0,Ridge Racer™ Unbounded,60
839,202710,1,9.99,76,2011-12-14 00:00:00,0,Demigod,73
840,202750,0,9.99,73,2012-05-22 00:00:00,0,Alan Wake's American Nightmare,69
841,202970,1,59.99,74,2012-11-12 00:00:00,17,Call of Duty®: Black Ops II,84
842,202990,1,59.99,74,2012-11-12 00:00:00,17,Call of Duty®: Black Ops II,84
843,203140,0,19.99,79,2012-11-19 00:00:00,17,Hitman: Absolution™,91
844,203160,1,19.99,86,2013-03-04 00:00:00,17,Tomb Raider,96
845,203350,0,12.99,74,2012-10-25 00:00:00,0,King's Bounty: Warriors of the North,79
846,203630,1,24.99,71,2012-05-08 00:00:00,0,Warlock - Master of the Arcane,87
847,203650,0,14.99,54,2012-05-15 00:00:00,0,Sonic the Hedgehog 4 - Episode II,79
848,203680,1,14.99,62,2012-11-13 00:00:00,0,F1 RACE STARS™,80
849,203750,1,14.99,68,2012-04-27 00:00:00,0,Binary Domain,84
850,203770,1,39.99,82,2012-02-14 00:00:00,0,Crusader Kings II,90
851,203810,0,9.99,75,2012-02-14 00:00:00,0,Dear Esther,79
852,203830,0,19.99,75,2012-06-22 00:00:00,0,The Dark Eye: Chains of Satinav,86
853,204030,0,9.99,83,2011-12-19 00:00:00,17,Fable - The Lost Chapters,91
854,204080,1,9.99,67,2013-03-05 00:00:00,0,The Showdown Effect,-1
855,204100,1,19.99,87,2012-05-31 00:00:00,17,Max Payne 3,83
856,204120,0,19.99,80,2012-01-05 00:00:00,0,LEGO Harry Potter: Years 5-7,88
857,204180,0,1.99,81,2012-03-20 00:00:00,0,Waveform,83
858,204220,0,9.99,74,2012-08-30 00:00:00,0,Snapshot,73
859,204240,0,9.99,74,2013-02-22 00:00:00,0,The Bridge,89
860,204300,1,9.99,78,2012-08-01 00:00:00,0,Awesomenauts,84
861,204340,1,9.99,74,2012-01-31 00:00:00,0,Serious Sam 2,88
862,204390,0,9.99,62,2012-02-02 00:00:00,0,Pineapple Smash Crew ,84
863,204450,0,14.99,79,2013-05-22 00:00:00,18,Call of Juarez® Gunslinger,94
864,204530,0,14.99,75,2014-03-06 00:00:00,0,Infested Planet,94
865,204560,1,19.99,51,2012-04-04 00:00:00,0,Confrontation,36
866,204760,1,29.99,39,2012-04-18 00:00:00,0,Deep Black: Reloaded,25
867,204860,1,7.99,57,2012-04-12 00:00:00,0,Men of War: Condemned Heroes,72
868,204880,1,39.99,82,2012-06-12 00:00:00,0,Sins of a Solar Empire®: Rebellion,93
869,204940,1,9.99,73,2012-02-14 00:00:00,0,Crusader Kings Complete,63
870,205080,0,9.99,74,2013-07-11 00:00:00,0,BIT.TRIP FATE,63
871,205100,0,19.99,91,2012-10-08 00:00:00,17,Dishonored,97
872,205190,0,29.99,78,2012-10-16 00:00:00,0,Rocksmith™,88
873,205230,0,14.99,64,2012-10-03 00:00:00,0,Hell Yeah! Wrath of the Dead Rabbit,84
874,205530,0,9.99,69,2012-05-17 00:00:00,0,Gratuitous Tank Battles,54
875,205650,0,19.99,73,2012-09-25 00:00:00,0,The Testament of Sherlock Holmes,80
876,205730,1,14.99,76,2012-04-17 00:00:00,0,Insanely Twisted Shadow Planet,88
877,205810,0,19.99,63,2012-08-24 00:00:00,0,Jagged Alliance: Crossfire,64
878,205910,0,9.99,75,2012-06-19 00:00:00,0,Tiny and Big: Grandpa's Leftovers,92
879,206190,0,9.99,83,2013-06-03 00:00:00,0,Gunpoint,97
880,206230,1,39.99,42,2012-10-30 00:00:00,18,Clan of Champions,62
881,206370,0,7.99,83,2012-08-15 00:00:00,0,Tales From Space: Mutant Blobs Attack,93
882,206420,0,14.99,86,2013-08-19 00:00:00,17,Saints Row IV,91
883,206440,0,9.99,81,2012-09-07 00:00:00,0,To the Moon,96
884,207040,0,9.99,77,2012-11-09 00:00:00,17,Sine Mora,84
885,207150,1,9.99,74,2012-04-12 00:00:00,0,Stellar Impact,39
886,207170,0,14.99,82,2012-04-11 00:00:00,0,Legend of Grimrock,93
887,207190,1,9.99,59,2012-04-25 00:00:00,0,Fireburst,56
888,207250,1,3.99,74,2012-03-16 00:00:00,0,Cubemen,73
889,207320,0,14.99,73,2012-03-19 00:00:00,0,Ys: The Oath in Felghana,94
890,207350,0,19.99,76,2012-05-31 00:00:00,0,Ys Origin,94
891,207420,0,2.99,81,2012-03-14 00:00:00,0,Wizorb,77
892,207490,0,19.99,86,2012-03-29 00:00:00,0,Rayman® Origins,93
893,207530,0,4.99,80,2012-04-23 00:00:00,0,Noitu Love 2: Devolution,94
894,207610,0,24.99,82,2012-04-24 00:00:00,17,The Walking Dead,96
895,207650,0,9.99,65,2012-08-01 00:00:00,0,A Virus Named TOM,72
896,207690,0,9.99,82,2012-05-07 00:00:00,0,Botanicula,96
897,207750,0,8.99,75,2012-08-06 00:00:00,0,Symphony,87
898,207930,1,9.99,61,2013-04-16 00:00:00,0,Sacred Citadel,72
899,208090,1,0.0,72,2014-01-31 00:00:00,17,Loadout,86
900,208110,0,9.99,80,2012-03-16 00:00:00,0,Myst V,61
901,208140,1,29.99,77,2012-07-04 00:00:00,0,Endless Space® - Emperor Edition,79
902,208400,0,9.99,76,2012-04-11 00:00:00,0,Avernum: Escape From the Pit,90
903,208460,1,14.99,50,2012-09-14 00:00:00,0,Tryst,18
904,208480,1,19.99,80,2012-11-20 00:00:00,17,Assassin’s Creed® III,74
905,208500,1,19.99,80,2012-09-17 00:00:00,0,F1 2012™,90
906,208580,0,9.99,85,2012-08-23 00:00:00,0,STAR WARS™ Knights of the Old Republic™ II - The Sith Lords™,92
907,208670,1,9.99,63,2012-04-20 00:00:00,17,Blades of Time,85
908,208730,0,19.99,58,2012-06-07 00:00:00,0,Game of Thrones,72
909,209000,1,19.99,74,2013-10-24 00:00:00,13,Batman™: Arkham Origins,86
910,209060,0,14.99,66,2014-02-19 00:00:00,0,Drunken Robot Pornography,84
911,209080,1,9.99,64,2012-10-29 00:00:00,0,Guns of Icarus Online,91
912,209100,1,29.99,48,2012-05-18 00:00:00,17,Resident Evil: Operation Raccoon City,52
913,209120,1,29.99,79,2012-05-11 00:00:00,0,Street Fighter X Tekken,55
914,209160,1,59.99,68,2014-03-25 00:00:00,17,Call of Duty®: Ghosts,53
915,209190,0,9.99,80,2012-11-28 00:00:00,0,Stealth Bastard Deluxe,88
916,209270,1,4.99,75,2012-08-10 00:00:00,0,Hero Academy,72
917,209330,1,14.99,54,2012-04-24 00:00:00,0,A Valley Without Wind,63
918,209370,0,9.99,62,2012-04-27 00:00:00,0,Analogue: A Hate Story,94
919,209540,0,19.99,66,2013-01-23 00:00:00,0,Strike Suit Zero,80
920,209670,0,19.99,44,2012-09-28 00:00:00,0,Cortex Command,82
921,209750,0,14.99,49,2012-08-06 00:00:00,0,Cannon Fodder 3,57
922,209790,0,9.99,70,2012-06-13 00:00:00,0,Splice,88
923,209830,0,14.99,81,2012-04-23 00:00:00,15,Lone Survivor: The Director's Cut,88
924,209870,1,0.0,75,2012-07-02 00:00:00,0,Blacklight: Retribution,50
925,210490,1,0.0,27,2012-06-19 00:00:00,0,Fray: Reloaded Edition,-1
926,210770,1,14.99,77,2013-05-15 00:00:00,0,Sanctum 2,93
927,210870,0,9.99,67,2013-08-02 00:00:00,13,Cloudberry Kingdom™,90
928,211070,1,19.99,69,2012-08-16 00:00:00,0,Check vs Mate,65
929,211180,0,9.99,74,2012-08-08 00:00:00,0,Unmechanical,91
930,211260,0,9.99,74,2012-08-29 00:00:00,0,They Bleed Pixels,85
931,211360,0,7.99,79,2012-05-11 00:00:00,0,Offspring Fling!,89
932,211400,0,14.99,78,2012-10-25 00:00:00,17,Deadlight,79
933,211420,1,19.99,85,2012-08-23 00:00:00,17,DARK SOULS™: Prepare To Die™ Edition,90
934,211600,0,6.99,92,2012-05-22 00:00:00,17,Thief™ Gold,92
935,211740,0,6.99,87,2012-05-22 00:00:00,17,Thief™ II: The Metal Age,93
936,211780,0,6.99,56,2012-05-28 00:00:00,0,Conflict Desert Storm™,75
937,212050,0,9.99,76,2012-07-25 00:00:00,0,Resonance,89
938,212070,1,0.0,75,2013-02-27 00:00:00,0,Star Conflict,75
939,212160,1,0.0,76,2012-06-22 00:00:00,0,Vindictus,70
940,212480,1,19.99,79,2013-01-31 00:00:00,0,Sonic & All-Stars Racing Transformed,94
941,212500,0,0.0,86,2012-06-06 00:00:00,0,The Lord of the Rings Online,80
942,212630,1,19.99,71,2012-06-26 00:00:00,17,Tom Clancy's Ghost Recon: Future Soldier™,66
943,212680,0,9.99,84,2012-09-14 00:00:00,0,FTL: Faster Than Light,95
944,213350,0,14.99,73,2012-07-30 00:00:00,0,MDK2 HD,56
945,214100,0,9.99,60,2012-08-07 00:00:00,0,Rigonauts,50
946,214150,0,9.99,83,2012-08-14 00:00:00,0,Galactic Civilizations® I: Ultimate Edition,40
947,214170,0,5.99,81,2012-07-05 00:00:00,0,Divine Divinity,88
948,214250,0,14.99,66,2012-09-06 00:00:00,17,I Am Alive,66
949,214340,0,49.99,74,2012-08-06 00:00:00,0,Deponia,88
950,214360,1,7.99,59,2012-08-14 00:00:00,0,Tower Wars,72
951,214510,0,19.99,80,2012-11-27 00:00:00,0,LEGO The Lord of the Rings,89
952,214560,0,14.99,91,2012-10-16 00:00:00,17,Mark of the Ninja,96
953,214700,0,4.99,88,2012-08-20 00:00:00,0,Thirty Flights of Loving,65
954,214730,0,14.99,68,2013-10-17 00:00:00,0,Space Rangers HD: A War Apart,94
955,214770,0,14.99,88,2013-08-08 00:00:00,0,Guacamelee! Gold Edition,93
956,214830,1,9.99,75,2012-09-27 00:00:00,0,Half Minute Hero: Super Mega Neo Climax Ultimate Boy,88
957,214870,1,19.99,64,2012-10-31 00:00:00,0,Painkiller Hell & Damnation,77
958,214950,1,59.95,76,2013-09-02 00:00:00,0,Total War™: ROME II - Emperor Edition,83
959,214970,0,9.99,80,2012-09-11 00:00:00,0,Intrusion 2,90
960,215160,0,19.99,82,2012-07-31 00:00:00,0,The Book of Unwritten Tales,90
961,215280,1,29.99,74,2012-08-08 00:00:00,17,The Secret World,67
962,215470,1,7.99,67,2012-10-29 00:00:00,0,Primal Carnage,77
963,215510,1,9.99,74,2012-10-15 00:00:00,0,Rocketbirds: Hardboiled Chicken,80
964,215530,1,14.99,72,2013-05-22 00:00:00,0,The Incredible Adventures of Van Helsing,83
965,215670,0,2.99,69,2012-08-31 00:00:00,0,Home,70
966,215710,0,9.99,73,2013-01-10 00:00:00,0, Fieldrunners 2,88
967,215770,0,9.99,68,2012-09-04 00:00:00,0,Shad'O,55
968,215790,1,6.99,61,2012-09-19 00:00:00,0,Dream Pinball 3D,29
969,216110,0,4.99,57,2012-08-24 00:00:00,0,Tiny Troopers,81
970,216130,1,14.99,53,2012-11-02 00:00:00,0,Gemini Wars,23
971,216210,0,9.99,67,2012-09-13 00:00:00,0,Secret Files 3,63
972,216250,1,19.99,61,1970-01-01 00:00:00,17,Dead Island Riptide,-1
973,216290,0,4.99,72,2012-09-13 00:00:00,0,Gateways,92
974,216390,0,39.99,78,2012-10-23 00:00:00,0,Fallen Enchantress: Ultimate Edition,-1
975,216910,0,29.99,69,2012-10-11 00:00:00,0,Of Orcs And Men,74
976,217270,0,9.99,48,2012-12-03 00:00:00,0,Karateka,76
977,217290,1,9.99,76,2012-08-22 00:00:00,0,Din's Curse,86
978,217690,0,9.99,75,2013-04-12 00:00:00,0,Anna - Extended Edition,65
979,217860,1,9.99,48,2013-02-06 00:00:00,18,Special Forces: Team X,-1
980,217920,1,19.99,52,2013-09-24 00:00:00,17,Alien Rage - Unlimited,68
981,218060,0,14.99,85,2013-02-26 00:00:00,0,BIT.TRIP Presents... Runner2: Future Legend of Rhythm Alien,94
982,218090,1,19.99,84,2012-10-17 00:00:00,0,Unity of Command: Stalingrad Campaign,78
983,218130,1,0.0,67,2013-11-12 00:00:00,0,Dungeonland,-1
984,218230,1,0.0,84,2012-11-20 00:00:00,0,PlanetSide 2,82
985,218620,1,19.99,79,2013-08-13 00:00:00,18,PAYDAY 2,88
986,218640,0,9.99,59,2012-10-26 00:00:00,18,Lucius,79
987,218680,0,19.99,75,2012-11-19 00:00:00,0,Scribblenauts Unlimited,92
988,218740,0,9.99,63,2012-10-31 00:00:00,0,Pid,71
989,218820,1,19.99,76,2014-03-25 00:00:00,12,Mercenary Kings,75
990,219150,0,9.99,85,2012-10-23 00:00:00,17,Hotline Miami,97
991,219340,1,0.0,67,2013-02-25 00:00:00,0,The Banner Saga: Factions,73
992,219600,0,29.99,90,2012-10-30 00:00:00,0,NBA2K13,-1
993,219640,1,24.99,79,2012-10-16 00:00:00,0,Chivalry: Medieval Warfare,83
994,219680,0,9.99,80,2013-01-30 00:00:00,0,Proteus,80
995,219740,0,14.99,79,1970-01-01 00:00:00,0,Don't Starve,96
996,219760,0,5.99,73,2012-10-29 00:00:00,0,Beyond Divinity,54
997,219890,0,19.99,82,2013-01-31 00:00:00,0,Antichamber,95
998,219910,0,49.99,75,2012-10-16 00:00:00,0,Edna & Harvey: Harvey's New Eyes,89
999,220090,0,8.99,72,2013-01-09 00:00:00,0,The Journey Down: Chapter One,86
1000,220160,1,19.99,85,2013-03-21 00:00:00,0,Trials Evolution: Gold Edition,76
1001,220200,0,39.99,88,2015-04-27 00:00:00,0,Kerbal Space Program,94
1002,220240,1,19.99,88,2012-12-04 00:00:00,17,Far Cry 3,89
1003,220440,0,29.99,85,2013-01-24 00:00:00,17,DmC: Devil May Cry,94
1004,220660,0,29.99,61,2013-04-26 00:00:00,0,StarDrive,42
1005,220740,0,19.99,78,2012-11-06 00:00:00,0,Chaos on Deponia,91
1006,220780,0,9.99,77,2012-11-12 00:00:00,0,Thomas Was Alone,93
1007,220860,0,4.99,76,2012-09-25 00:00:00,0,McPixel,86
1008,221040,1,29.99,69,2013-03-22 00:00:00,16,Resident Evil 6 / Biohazard 6,79
1009,221260,0,9.99,68,2012-11-19 00:00:00,0,Little Inferno,95
1010,221380,1,19.99,68,2013-04-09 00:00:00,0,Age of Empires II HD,95
1011,221640,0,2.99,88,2012-11-27 00:00:00,0,Super Hexagon,97
1012,221810,0,14.99,68,2013-01-23 00:00:00,0,The Cave,87
1013,221830,0,19.99,73,2012-12-05 00:00:00,0,The Book of Unwritten Tales: The Critter Chronicles,84
1014,221910,0,14.99,88,2013-10-17 00:00:00,0,The Stanley Parable,92
1015,222480,0,29.99,77,2013-05-20 00:00:00,17,Resident Evil Revelations / Biohazard Revelations,86
1016,222640,0,19.99,72,2013-09-12 00:00:00,0,Aarklash: Legacy,77
1017,222730,0,9.99,75,2013-05-16 00:00:00,0,Reus,77
1018,222750,1,19.99,80,2013-05-29 00:00:00,0,Wargame: Airland Battle,87
1019,222880,1,14.99,74,2014-01-22 00:00:00,0,Insurgency,91
1020,223220,1,14.99,77,2012-10-22 00:00:00,0,Giana Sisters: Twisted Dreams,82
1021,223430,1,9.99,52,2012-11-28 00:00:00,0,Miner Wars 2081,31
1022,223450,0,14.99,80,2013-04-24 00:00:00,0,Dyad,78
1023,223470,0,9.99,59,2012-11-02 00:00:00,18,POSTAL 2,95
1024,223510,0,14.99,76,2012-11-28 00:00:00,0,Miasmata,76
1025,223630,1,0.0,74,1970-01-01 00:00:00,0,AirBuccaneers,60
1026,223670,1,24.99,77,2013-10-03 00:00:00,0,F1 2013,-1
1027,223730,0,9.99,80,2012-11-09 00:00:00,0,Fly'N,90
1028,223830,0,24.99,77,2014-06-16 00:00:00,0,Xenonauts,88
1029,224060,0,39.99,63,2013-06-25 00:00:00,17,Deadpool,-1
1030,224220,1,7.99,64,2013-03-26 00:00:00,0,Pressure,-1
1031,224300,0,6.99,70,2012-12-06 00:00:00,17,Legacy of Kain: Defiance,86
1032,224460,0,14.99,62,2013-11-15 00:00:00,0,Contrast,90
1033,224480,0,14.99,69,2014-01-30 00:00:00,0,Octodad: Dadliest Catch,92
1034,224600,1,0.0,64,2014-06-04 00:00:00,17,Defiance,76
1035,224760,0,9.99,91,2013-05-01 00:00:00,0,FEZ,93
1036,224820,0,6.99,79,2013-02-18 00:00:00,0,Super House of Dead Ninjas,95
1037,224860,0,8.99,47,2013-10-01 00:00:00,0,Arma Tactics,32
1038,224940,0,6.99,77,2012-12-06 00:00:00,17,Legacy of Kain: Soul Reaver 2,68
1039,225080,0,14.99,90,2013-09-03 00:00:00,0,Brothers - A Tale of Two Sons,94
1040,225260,1,14.99,80,2013-02-26 00:00:00,0,Brutal Legend,94
1041,225360,0,19.99,41,2013-07-03 00:00:00,17,DARK,50
1042,225420,1,19.99,72,2013-04-02 00:00:00,0,Cities in Motion 2,59
1043,225600,1,9.99,72,2014-05-07 00:00:00,0,Blade Symphony,66
1044,226120,0,4.99,79,2013-03-19 00:00:00,0,Weird Worlds: Return to Infinite Space,73
1045,226320,0,0.0,81,2013-06-03 00:00:00,0,Marvel Heroes 2016,-1
1046,226960,1,14.99,69,2013-09-18 00:00:00,0,Ironclad Tactics,76
1047,226980,0,0.0,84,2013-05-10 00:00:00,0,Pinball FX2,-1
1048,227000,0,9.99,72,2012-12-05 00:00:00,0,Primordia,97
1049,227020,1,24.99,66,2013-09-27 00:00:00,0,Rise of Venice,59
1050,227080,0,14.99,70,2013-04-18 00:00:00,0,Papo & Yo,94
1051,227100,0,14.99,62,2013-02-28 00:00:00,0,Sniper Elite: Nazi Zombie Army,88
1052,227200,0,9.99,79,2012-12-13 00:00:00,0,Waking Mars,89
1053,227220,0,14.99,79,2013-04-05 00:00:00,0,Sang-Froid - Tales of Werewolves,87
1054,227300,0,34.99,79,2013-01-16 00:00:00,0,Euro Truck Simulator 2,97
1055,227480,1,9.99,58,2013-04-19 00:00:00,17,God Mode,70
1056,227580,0,4.99,67,2013-01-15 00:00:00,0,"10,000,000",90
1057,227760,1,19.99,71,2013-02-18 00:00:00,0,March of the Eagles,67
1058,227800,1,9.99,70,2013-01-31 00:00:00,0,Retrovirus,73
1059,228260,0,24.99,80,2013-05-22 00:00:00,0,Fallen Enchantress: Legendary Heroes,77
1060,228280,1,19.99,78,2013-01-16 00:00:00,0,Baldur's Gate: Enhanced Edition,90
1061,228300,0,29.99,65,2013-06-03 00:00:00,16,Remember Me,83
1062,228320,1,14.99,68,2013-02-18 00:00:00,0,A Valley Without Wind 2,49
1063,228400,1,19.99,77,2013-01-24 00:00:00,0,Ace Combat Assault Horizon - Enhanced Edition,59
1064,228440,1,7.99,68,2013-04-08 00:00:00,0,Cubemen 2,70
1065,228760,1,19.99,81,2013-02-27 00:00:00,0,TrackMania² Canyon,79
1066,228960,1,9.99,72,2013-07-29 00:00:00,0,Skulls of the Shogun,91
1067,229520,0,2.99,73,2013-03-28 00:00:00,0,Dungeon Hearts,67
1068,229580,0,16.99,59,2015-07-31 00:00:00,0,Dream,57
1069,229600,1,9.99,62,2013-02-06 00:00:00,0,Bientôt l'été,52
1070,229870,1,19.99,76,2013-04-10 00:00:00,0,ShootMania Storm,84
1071,229970,1,19.99,66,2013-02-28 00:00:00,0,Armada 2526 Gold Edition,61
1072,230150,0,9.99,74,2013-03-18 00:00:00,0,Incredipede,78
1073,230190,1,29.99,65,2015-04-02 00:00:00,0,War for the Overworld,85
1074,230310,0,0.0,53,2014-11-25 00:00:00,0,Akaneiro: Demon Hunters,35
1075,230410,1,0.0,68,2013-03-25 00:00:00,17,Warframe,91
1076,230650,0,19.99,52,2013-04-05 00:00:00,0,Lords of Football,50
1077,230700,0,14.99,80,2013-04-15 00:00:00,0,La-Mulana,81
1078,230820,0,49.99,75,2013-05-28 00:00:00,0,The Night of the Rabbit,90
1079,230980,0,5.99,83,2013-04-16 00:00:00,0,Starseed Pilgrim,78
1080,231020,0,9.99,63,2013-06-27 00:00:00,0,Storm,67
1081,231040,0,9.99,75,2013-08-06 00:00:00,0,Beatbuddy: Tale of the Guardians,86
1082,231160,0,14.99,87,2013-05-30 00:00:00,0,The Swapper,93
1083,231200,0,24.99,81,2013-02-22 00:00:00,0,Kentucky Route Zero,82
1084,231310,0,9.99,73,2013-09-04 00:00:00,0,MirrorMoon EP,66
1085,231430,1,34.99,80,2013-06-25 00:00:00,17,Company of Heroes 2,79
1086,232050,1,19.99,74,2013-04-19 00:00:00,0,Eador: Masters of the Broken World,66
1087,232430,0,19.99,86,2013-08-15 00:00:00,0,Gone Home,76
1088,232750,0,14.99,59,2013-04-26 00:00:00,0,Mars: War Logs,73
1089,232770,0,1.99,56,2013-03-21 00:00:00,18,POSTAL,84
1090,232970,0,9.99,69,2013-05-15 00:00:00,16,Thunder Wolves,89
1091,233110,0,14.99,63,2013-10-24 00:00:00,0,Defense Technica,39
1092,233130,0,39.99,73,2013-09-26 00:00:00,18,Shadow Warrior,93
1093,233210,1,17.99,43,2013-10-02 00:00:00,0,Air Conflicts: Vietnam,30
1094,233230,0,4.99,76,2013-04-24 00:00:00,0,Kairo,74
1095,233250,1,29.99,62,2014-09-05 00:00:00,0,Planetary Annihilation,-1
1096,233270,0,14.99,81,2013-05-01 00:00:00,18,Far Cry 3 - Blood Dragon,88
1097,233370,0,24.99,74,2013-07-23 00:00:00,0,The Raven - Legacy of a Master Thief,75
1098,233450,0,29.99,83,2015-10-06 00:00:00,0,Prison Architect,91
1099,233470,0,9.99,61,2013-04-04 00:00:00,0,Evoland,83
1100,233700,0,12.99,68,1970-01-01 00:00:00,0,Sword of the Stars: The Pit,87
1101,233720,0,9.99,71,2013-04-19 00:00:00,0,Surgeon Simulator 2013,83
1102,233840,1,24.99,73,2013-08-15 00:00:00,0,Worms Clan Wars,77
1103,233980,1,12.99,68,2014-07-25 00:00:00,16,UnEpic,91
1104,234000,0,9.99,56,2013-09-12 00:00:00,0,Superfrog HD,-1
1105,234160,0,6.99,66,2013-04-30 00:00:00,0,Strike Suit Infinity,84
1106,234370,0,9.99,59,2013-03-18 00:00:00,0,Shattered Haven,42
1107,234390,0,12.99,78,2013-07-24 00:00:00,0,Teleglitch: Die More Edition,88
1108,234530,1,24.99,62,2014-04-15 00:00:00,0,War of the Vikings,-1
1109,234630,1,29.99,83,2015-05-06 00:00:00,0,Project CARS,76
1110,234650,0,14.99,76,2013-07-25 00:00:00,0,Shadowrun Returns,88
1111,234670,1,29.99,80,2013-10-24 00:00:00,0,NARUTO SHIPPUDEN: Ultimate Ninja STORM 3 Full Burst,89
1112,234710,0,4.99,75,2013-04-26 00:00:00,17,Poker Night 2,86
1113,234900,0,9.99,75,2013-03-22 00:00:00,0,Anodyne,86
1114,235070,0,4.99,49,2013-05-17 00:00:00,0,Bad Bots,67
1115,235360,0,9.99,58,2013-06-05 00:00:00,0,Prime World: Defenders,79
1116,235720,0,9.99,75,2013-05-29 00:00:00,0,Cubetractor,85
1117,235800,0,14.99,76,2015-05-26 00:00:00,0,Audiosurf 2,81
1118,235820,0,8.99,77,2013-05-24 00:00:00,0,Element4l,84
1119,235980,0,9.99,72,2013-10-22 00:00:00,0,Tetrobot and Co.,98
1120,236130,0,29.99,58,2014-02-06 00:00:00,0,Horizon,57
1121,236150,0,34.99,70,2014-09-26 00:00:00,0,Starpoint Gemini 2,70
1122,236390,0,0.0,82,2013-08-15 00:00:00,0,War Thunder,80
1123,236490,0,9.99,47,2013-06-21 00:00:00,0,Hexodius,58
1124,236510,1,4.99,34,2014-02-10 00:00:00,0,Takedown: Red Sabre,40
1125,236730,1,14.99,77,2013-05-15 00:00:00,0,Anomaly 2,79
1126,236850,1,39.99,87,2013-08-13 00:00:00,0,Europa Universalis IV,87
1127,237430,1,19.99,77,2013-05-30 00:00:00,0,Expeditions: Conquistador,78
1128,237630,0,14.99,66,2013-08-13 00:00:00,0,DuckTales: Remastered,87
1129,237740,0,9.99,77,2013-09-20 00:00:00,0,Angry Video Game Nerd Adventures,89
1130,237890,0,14.99,45,2014-02-04 00:00:00,0,Agarest: Generations of War,71
1131,238010,0,19.99,91,2013-10-25 00:00:00,17,Deus Ex: Human Revolution - Director's Cut,92
1132,238210,0,9.99,92,2013-05-10 00:00:00,17,System Shock 2,94
1133,238280,0,9.99,62,2013-09-13 00:00:00,0,Legend of Dungeon,73
1134,238320,0,19.99,80,2013-09-04 00:00:00,0,Outlast,96
1135,238430,1,9.99,62,2013-10-25 00:00:00,0,Contagion,74
1136,238630,0,9.99,73,2013-06-21 00:00:00,0,Fist Puncher,75
1137,238750,0,24.99,70,2014-01-23 00:00:00,0,Might & Magic X - Legacy,66
1138,238870,0,14.99,20,2013-07-25 00:00:00,0,Citadels,12
1139,238890,1,4.99,64,2013-05-23 00:00:00,0,Skyward Collapse,47
1140,238910,0,9.99,71,2013-10-08 00:00:00,0,Bionic Dues,84
1141,239030,0,9.99,85,2013-08-08 00:00:00,0,"Papers, Please",96
1142,239070,1,9.99,72,2013-08-12 00:00:00,0,Hammerwatch,89
1143,239200,0,19.99,72,2013-09-10 00:00:00,0,Amnesia: A Machine for Pigs,66
1144,239350,0,14.99,90,2013-08-08 00:00:00,0,Spelunky,92
1145,239820,0,9.99,68,2013-08-29 00:00:00,0,Game Dev Tycoon,95
1146,241320,0,9.99,67,2013-07-23 00:00:00,10,Ittle Dew,92
1147,241410,1,9.99,73,2013-07-29 00:00:00,0,CastleStorm,89
1148,241540,0,0.0,79,2013-11-05 00:00:00,17,State of Decay,84
1149,241600,0,14.99,85,2013-06-27 00:00:00,0,Rogue Legacy,93
1150,241620,0,9.99,64,2013-08-01 00:00:00,18,Inquisitor,70
1151,241720,1,14.99,73,2013-08-09 00:00:00,0,Guncraft,49
1152,241910,0,19.99,80,2013-10-17 00:00:00,0,Goodbye Deponia,89
1153,242110,0,14.99,82,2013-06-24 00:00:00,0,Joe Danger 2: The Movie,84
1154,242530,0,9.99,40,2013-08-29 00:00:00,0,The Chaos Engine,71
1155,242550,0,29.99,89,2013-09-03 00:00:00,0,Rayman® Legends,91
1156,242570,1,24.99,58,2013-08-15 00:00:00,0,Space Hulk,70
1157,242680,0,11.99,88,2015-12-05 00:00:00,0,Nuclear Throne,96
1158,242820,0,4.99,80,2013-10-16 00:00:00,0,140,94
1159,242860,1,24.99,70,2015-04-28 00:00:00,0,Verdun,86
1160,242880,1,19.99,63,2014-05-02 00:00:00,0,"Sir, You Are Being Hunted",79
1161,242940,0,6.99,77,2013-10-17 00:00:00,13,Anachronox,74
1162,243040,0,6.99,86,2013-10-10 00:00:00,13,Startopia,90
1163,243140,0,9.99,69,2013-10-10 00:00:00,0,Glare,-1
1164,243200,0,49.99,79,2013-08-29 00:00:00,0,Memoria,90
1165,243450,0,6.99,58,2013-09-18 00:00:00,0,Urban Trial Freestyle,83
1166,243780,1,9.99,72,2013-08-26 00:00:00,0,PixelJunk™ Monsters Ultimate,84
1167,243800,1,24.99,73,2013-10-08 00:00:00,0,Gas Guzzlers Extreme,85
1168,244050,1,0.0,77,2013-09-05 00:00:00,0,Rise of Flight United,54
1169,244690,0,9.99,59,2013-10-17 00:00:00,0,Face Noir,67
1170,244710,0,9.99,69,2013-08-28 00:00:00,0,Shelter,85
1171,244730,1,4.99,73,2013-08-20 00:00:00,0,Divekick,90
1172,244810,0,14.99,69,2013-09-18 00:00:00,0,Foul Play,82
1173,245170,1,9.99,83,2013-08-22 00:00:00,0,Skullgirls,95
1174,245450,0,9.99,85,2013-09-10 00:00:00,0,Wizardry 8,90
1175,245470,0,24.99,70,2013-10-14 00:00:00,0,Democracy 3,74
1176,246090,0,9.99,49,2014-10-27 00:00:00,0,Spacebase DF-9,18
1177,246760,0,19.99,71,2015-07-02 00:00:00,0,Legends of Eisenwald,76
1178,246960,0,4.99,84,2013-09-26 00:00:00,0,Giana Sisters: Twisted Dreams - Rise of the Owlverlord,84
1179,247000,1,14.99,51,2014-02-25 00:00:00,0,Talisman: Digital Edition,80
1180,247140,0,7.99,78,2013-10-11 00:00:00,0,Soundodger+,90
1181,247240,0,9.99,76,2013-09-13 00:00:00,0,Volgarr the Viking,84
1182,247730,1,4.99,57,2014-06-05 00:00:00,0,Nether: Resurrected,40
1183,247910,0,14.99,53,2013-10-31 00:00:00,0,Sniper Elite: Nazi Zombie Army 2,83
1184,248510,1,19.99,82,2013-09-10 00:00:00,0,Dominions 3: The Awakening,78
1185,248550,0,14.99,69,2013-10-15 00:00:00,0,Megabyte Punch,92
1186,248610,0,19.99,82,2014-10-20 00:00:00,0,Door Kickers,94
1187,249130,0,19.99,78,2013-10-22 00:00:00,0,LEGO® Marvel™ Super Heroes,92
1188,249870,0,19.99,68,2013-09-24 00:00:00,0,Scribblenauts Unmasked: A DC Comics Adventure,81
1189,249990,1,14.99,72,2013-10-24 00:00:00,0,FORCED: Slightly Better Edition,75
1190,250030,0,9.99,71,2013-11-01 00:00:00,0,Lilly Looking Through,78
1191,250110,0,14.99,79,2015-09-23 00:00:00,0,Assault Android Cactus,95
1192,250320,0,24.99,85,2013-10-11 00:00:00,17,The Wolf Among Us,97
1193,250380,0,9.99,57,2013-10-04 00:00:00,0,Knock-knock,89
1194,250400,1,14.99,60,2014-08-29 00:00:00,0,How to Survive,82
1195,250520,0,14.99,72,2015-12-18 00:00:00,0,UnderRail,87
1196,251430,0,14.99,72,2013-09-27 00:00:00,0,The Inner World,90
1197,252310,0,9.99,76,2013-10-24 00:00:00,0,Syder Arcade,86
1198,252330,0,9.99,65,2013-10-28 00:00:00,0,Slender: The Arrival,88
1199,252630,0,14.99,77,2013-10-21 00:00:00,0,Eldritch,88
1200,253940,0,4.99,72,2013-09-27 00:00:00,0,Septerra Core,81
1201,253980,0,4.99,71,2013-10-04 00:00:00,17,Enclave,74
1202,254080,1,4.99,71,2013-09-27 00:00:00,0,World War III: Black Gold,54
1203,254100,1,4.99,61,2013-09-27 00:00:00,0,World War II: Panzer Claws,67
1204,254960,0,9.99,83,2013-10-02 00:00:00,0,Silent Storm Gold Edition,88
