app_id,is_multiplayer,price,rating,release_date,required_age,title
20,1,4.99,-1,"1999-04-01 00:00:00",0,"Team Fortress Classic"
40,1,4.99,-1,"2001-06-01 00:00:00",0,"Deathmatch Classic"
50,1,4.99,-1,"1999-11-01 00:00:00",0,"Half-Life: Opposing Force"
60,1,4.99,-1,"2000-11-01 00:00:00",0,Ricochet
280,0,9.99,-1,"2004-06-01 00:00:00",0,"Half-Life: Source"
320,1,4.99,-1,"2004-11-01 00:00:00",0,"Half-Life 2: Deathmatch"
340,0,0,-1,"2005-10-27 00:00:00",0,"Half-Life 2: Lost Coast"
360,1,9.99,-1,"2006-05-01 00:00:00",0,"Half-Life Deathmatch: Source"
1230,1,0,-1,"2008-10-17 00:00:00",0,"Mare Nostrum"
1280,1,0,-1,"2009-06-09 00:00:00",0,"Darkest Hour: Europe '44-'45"
1840,0,0,-1,"2012-07-10 00:00:00",0,"Source Filmmaker"
2200,1,19.99,-1,"2007-08-03 00:00:00",0,"Quake III Arena"
2270,0,4.99,-1,"2007-08-03 00:00:00",0,"Wolfenstein 3D"
2280,0,4.99,-1,"2007-08-03 00:00:00",0,"Ultimate Doom"
2290,0,4.99,-1,"2007-08-03 00:00:00",0,"Final DOOM"
2320,1,9.99,-1,"2007-08-03 00:00:00",0,"QUAKE II"
2330,1,4.99,-1,"2007-08-03 00:00:00",0,"QUAKE II Mission Pack: The Reckoning"
2340,1,4.99,-1,"2007-08-03 00:00:00",0,"QUAKE II Mission Pack: Ground Zero"
2360,0,4.99,-1,"2007-08-03 00:00:00",0,"HeXen: Beyond Heretic"
2370,0,4.99,-1,"2007-08-03 00:00:00",0,"HeXen: Deathkings of the Dark Citadel"
2390,1,4.99,-1,"2007-08-03 00:00:00",0,"Heretic: Shadow of the Serpent Riders"
2420,0,0,-1,"2006-11-20 00:00:00",0,"The Ship: Single Player"
2540,1,4.99,-1,"2007-06-01 00:00:00",0,"RIP - Trilogy™"
2545,1,4.99,-1,"2007-06-01 00:00:00",0,"RIP - Trilogy™"
2550,1,4.99,-1,"2007-06-01 00:00:00",0,"RIP - Trilogy™"
2720,1,9.99,-1,"2007-07-12 00:00:00",0,"ThreadSpace: Hyperbol"
2850,0,4.99,-1,"2010-10-08 00:00:00",0,"X: Tension"
2900,1,9.99,-1,"2006-10-26 00:00:00",0,"688(I) Hunter/Killer"
2910,0,9.99,-1,"2006-10-26 00:00:00",0,"Fleet Command"
3000,1,4.99,-1,"2006-08-24 00:00:00",0,"GTI Racing"
3050,1,4.99,-1,"2008-10-08 00:00:00",0,"Xpand Rally Xtreme"
3300,0,4.99,-1,"2006-08-30 00:00:00",0,"Bejeweled 2 Deluxe"
3310,0,4.99,-1,"2006-08-30 00:00:00",0,"Chuzzle Deluxe"
3320,0,4.99,-1,"2006-08-30 00:00:00",0,"Insaniquarium Deluxe"
3330,0,4.99,-1,"2006-08-30 00:00:00",0,"Zuma Deluxe"
3340,0,4.99,-1,"2006-08-30 00:00:00",0,"AstroPop Deluxe"
3350,0,4.99,-1,"2006-08-30 00:00:00",0,"Bejeweled Deluxe"
3360,0,4.99,-1,"2006-08-30 00:00:00",0,"Big Money! Deluxe"
3370,0,4.99,-1,"2006-08-30 00:00:00",0,"Bookworm Deluxe"
3380,0,4.99,-1,"2006-08-30 00:00:00",0,"Dynomite Deluxe"
3390,0,4.99,-1,"2006-08-30 00:00:00",0,"Feeding Frenzy 2 Deluxe"
3400,0,4.99,-1,"2006-08-30 00:00:00",0,"Hammer Heads Deluxe"
3410,0,4.99,-1,"2006-08-30 00:00:00",0,"Heavy Weapon Deluxe"
3420,0,4.99,-1,"2006-08-30 00:00:00",0,"Iggle Pop Deluxe"
3430,0,4.99,-1,"2006-08-30 00:00:00",0,"Pizza Frenzy Deluxe"
3440,0,4.99,-1,"2006-08-30 00:00:00",0,"Rocket Mania Deluxe"
3450,0,4.99,-1,"2006-08-30 00:00:00",0,"Typer Shark! Deluxe"
3460,0,4.99,-1,"2006-08-30 00:00:00",0,"Talismania Deluxe"
3480,0,4.99,-1,"2007-03-06 00:00:00",0,"Peggle Deluxe"
3483,0,0,-1,"2007-09-11 00:00:00",0,"Peggle Extreme"
3490,0,4.99,-1,"2007-06-25 00:00:00",0,"Venice Deluxe"
3500,0,4.99,-1,"2007-10-16 00:00:00",0,"Mystery P.I.™ - The Lottery Ticket"
3510,0,4.99,-1,"2007-12-13 00:00:00",0,"Amazing Adventures The Lost Tomb™"
3520,0,4.99,-1,"2008-06-05 00:00:00",0,"Mystery P.I.™ - The Vegas Heist"
3530,0,4.99,-1,"2009-04-15 00:00:00",0,"Amazing Adventures Around the World"
3570,0,4.99,-1,"2009-01-28 00:00:00",0,"Mystery P.I.™ - The New York Fortune"
3580,0,4.99,-1,"2009-02-18 00:00:00",0,"The Wizard's Pen™"
3600,0,4.99,-1,"2009-04-15 00:00:00",0,"Escape Rosecliff Island"
3610,0,4.99,-1,"2009-07-27 00:00:00",0,"Mystery P.I. - Lost in Los Angeles"
3730,1,4.99,-1,"2010-01-15 00:00:00",17,"Aliens versus Predator Classic 2000"
4000,1,9.99,-1,"2006-11-29 00:00:00",0,"Garry's Mod"
4100,0,9.99,-1,"2006-10-05 00:00:00",0,"Poker Superstars II"
4230,1,39.99,-1,"2006-11-24 00:00:00",0,"RACE - The WTCC Game"
4290,1,4.99,-1,"2007-06-22 00:00:00",0,"RACE: Caterham Expansion"
4460,0,9.99,-1,"2008-09-29 00:00:00",0,"City Life 2008"
4470,1,9.99,-1,"2008-07-18 00:00:00",0,"Silverfall: Earth Awakening"
4900,0,4.99,-1,"2006-12-14 00:00:00",0,"Zen of Sudoku"
6010,0,5.99,-1,"2009-07-08 00:00:00",0,"Indiana Jones® and the Fate of Atlantis™"
6040,0,5.99,-1,"2009-07-08 00:00:00",0,"The Dig®"
6210,0,4.99,-1,"2006-12-21 00:00:00",0,"Vegas: Make It Big™"
6600,0,3.99,-1,"2007-02-14 00:00:00",0,"Bullet Candy"
6800,1,3.99,-1,"2007-03-15 00:00:00",0,"Commandos: Behind Enemy Lines"
6810,1,3.99,-1,"2007-03-15 00:00:00",0,"Commandos: Beyond the Call of Duty"
7220,0,9.99,-1,"2007-03-14 00:00:00",0,"Runaway, The Dream of The Turtle"
7260,1,9.99,-1,"2007-11-05 00:00:00",0,Loki
7340,0,9.99,-1,"2010-04-21 00:00:00",0,Azada
7530,0,9.99,-1,"2011-06-14 00:00:00",0,"Two Worlds II Castle Defense"
7650,0,4.99,-1,"2007-05-04 00:00:00",0,"X-COM: Terror From the Deep"
7660,0,4.99,-1,"2008-09-04 00:00:00",0,"X-COM: Apocalypse"
7730,1,4.99,-1,"2008-09-04 00:00:00",0,"X-COM: Interceptor"
7760,0,4.99,-1,"2008-09-04 00:00:00",0,"X-COM: UFO Defense"
7970,0,19.99,-1,"2008-05-16 00:00:00",0,"Cabela's® Big Game Hunter™ Trophy Bucks"
8230,0,0,-1,"2007-06-15 00:00:00",0,"Sam & Max 104: Abe Lincoln Must Die!"
8330,0,2.99,-1,"2008-06-17 00:00:00",0,"Telltale Texas Hold ‘Em"
8640,1,7.99,-1,"2009-10-16 00:00:00",0,"RACE On"
8650,0,39.99,-1,"2008-06-25 00:00:00",0,"RACE 07: Andy Priaulx Crowne Plaza Raceway (Free DLC)"
8660,1,7.99,83,"2008-09-01 00:00:00",0,"GTR Evolution Expansion Pack for RACE 07"
8690,1,2.99,-1,"2008-10-22 00:00:00",0,"STCC - The Game 1 - Expansion Pack for RACE 07"
8790,1,7.99,-1,"2012-12-12 00:00:00",0,"GTR 2 FIA GT Racing Game"
8890,1,4.99,-1,"2009-05-29 00:00:00",0,"Freedom Force vs. the Third Reich"
8970,0,4.99,-1,"2010-10-06 00:00:00",0,"Axel & Pixel"
9000,0,4.99,-1,"2007-08-03 00:00:00",0,"Spear of Destiny"
9030,1,4.99,-1,"2007-08-03 00:00:00",0,"QUAKE Mission Pack 2: Dissolution of Eternity"
9040,1,4.99,-1,"2007-08-03 00:00:00",0,"QUAKE Mission Pack 1: Scourge of Armagon"
9060,1,4.99,-1,"2007-08-03 00:00:00",0,"HeXen II"
9070,1,4.99,78,"2007-08-03 00:00:00",0,"DOOM 3 Resurrection of Evil"
9160,0,14.99,-1,"2007-08-03 00:00:00",0,"Master Levels for Doom II"
9180,0,4.99,-1,"2007-08-03 00:00:00",0,"Commander Keen"
9310,1,12.99,-1,"2007-08-07 00:00:00",17,"Warhammer® 40,000: Dawn Of War® – Winter Assault"
9450,1,12.99,-1,"2008-03-05 00:00:00",17,"Warhammer® 40,000: Dawn of War® - Soulstorm"
9850,1,14.99,-1,"2009-05-06 00:00:00",0,"Codename: Panzers - Cold War"
9960,0,5.99,-1,"2010-09-28 00:00:00",0,"Haunted House™"
9970,0,9.99,-1,"2011-05-11 00:00:00",0,"Star Raiders"
10110,0,19.99,-1,"2009-07-23 00:00:00",0,"Space Quest™ Collection"
10120,0,9.99,-1,"2009-07-23 00:00:00",0,"Aces of the Galaxy™"
10140,0,9.99,-1,"2009-07-23 00:00:00",0,"3D Ultra™ Minigolf Adventures"
10230,0,9.99,-1,"2011-10-28 00:00:00",0,"Dead Mountaineer's Hotel"
10240,0,9.99,-1,"2011-10-28 00:00:00",0,"A Stroke of Fate: Operation Valkyrie"
10250,1,9.99,-1,"2011-10-28 00:00:00",0,"PT Boats: Knights of the Sea"
10260,1,9.99,-1,"2011-10-28 00:00:00",0,"PT Boats: South Gambit"
10520,1,0,-1,"2008-08-14 00:00:00",0,"Beijing 2008™ - The Official Video Game of the Olympic Games"
11130,0,9.99,-1,"2009-08-06 00:00:00",0,"Sherlock Holmes: The Mystery of the Mummy"
11180,0,9.99,-1,"1970-01-01 00:00:00",0,"Sherlock Holmes: The Mystery of the Persian Carpet"
11230,1,2.99,-1,"2008-05-19 00:00:00",0,"Gumboy Tournament"
11240,1,4.99,-1,"2008-10-23 00:00:00",0,"Space Trader: Merchant Marine"
11280,1,5.99,-1,"2008-12-18 00:00:00",0,"Penguins Arena: Sedna's World"
11330,0,4.99,-1,"2009-03-19 00:00:00",0,Obulis
11360,0,4.99,-1,"2009-07-01 00:00:00",0,Chains
11390,0,9.99,-1,"2009-08-27 00:00:00",0,"Crash Time 2"
11610,1,0,-1,"2012-12-18 00:00:00",0,"Dragon Nest"
11920,0,7.99,-1,"2008-04-18 00:00:00",0,"LUMINES™ Advance Pack"
12170,0,0,-1,"2008-01-04 00:00:00",0,"Grand Theft Auto"
12180,0,0,-1,"2008-01-04 00:00:00",0,"Grand Theft Auto 2"
12220,1,19.99,-1,"2010-04-12 00:00:00",17,"Grand Theft Auto: Episodes from Liberty City"
12370,0,19.99,-1,"2006-07-06 00:00:00",0,"Jagged Alliance 2 Gold"
12380,0,19.99,-1,"2006-07-06 00:00:00",0,"Jagged Alliance 2 Gold"
12390,1,14.99,-1,"2008-10-24 00:00:00",0,"Exodus from the Earth "
12430,0,4.99,-1,"2009-02-23 00:00:00",0,"SlamIt Pinball Big Score"
12440,0,4.99,-1,"2009-06-16 00:00:00",0,"Ankh 2: Heart of Osiris "
12450,0,9.99,-1,"2009-06-16 00:00:00",0,"Ankh 3: Battle of the Gods"
12460,1,4.99,-1,"2009-06-16 00:00:00",0,"BC Kings"
12480,0,9.99,-1,"2009-12-03 00:00:00",0,"9th Company: Roots Of Terror"
12510,0,9.99,-1,"2008-01-29 00:00:00",0,"Prison Tycoon 3™: Lockdown"
12520,0,9.99,-1,"2008-01-29 00:00:00",0,"18 Wheels of Steel: American Long Haul"
12530,0,9.99,-1,"2008-01-29 00:00:00",0,"Hunting Unlimited™ 2008"
12540,0,9.99,-1,"2008-07-29 00:00:00",0,"Mahjongg Investigations: Under Suspicion"
12560,0,9.99,-1,"2008-07-29 00:00:00",0,"Ride! Carnival Tycoon"
12570,0,9.99,-1,"2008-07-29 00:00:00",0,"Hot Dish"
12580,0,9.99,-1,"2008-07-29 00:00:00",0,"Dr. Daisy Pet Vet"
12590,1,9.99,-1,"2008-07-29 00:00:00",0,"Sprint Cars Road to Knoxville"
12600,0,9.99,-1,"2008-07-29 00:00:00",0,"Midnight Outlaw: 6 Hours to SunUp"
12670,0,9.99,-1,"2009-07-17 00:00:00",0,"Mission Runway"
12690,0,9.99,-1,"1970-01-01 00:00:00",0,"Hunting Unlimited 2010"
12710,0,9.99,-1,"2009-11-12 00:00:00",0,"Overlord™: Raising Hell"
13250,1,9.99,-1,"2008-03-17 00:00:00",0,"Unreal Gold"
15130,0,9.99,-1,"2008-05-13 00:00:00",0,"Beyond Good and Evil™"
15140,0,9.99,-1,"2008-06-13 00:00:00",0,"Petz® Dogz® 2"
15150,0,9.99,-1,"2008-06-13 00:00:00",0,"Petz® Catz® 2"
15160,0,9.99,-1,"2008-06-13 00:00:00",0,"Petz® Horsez® 2"
15240,1,9.99,-1,"2008-06-13 00:00:00",0,"Silent Hunter®: Wolves of the Pacific U-Boat Missions"
15350,1,9.99,-1,"2008-10-10 00:00:00",0,"Brain Spa"
15400,0,7.99,-1,"2009-01-23 00:00:00",0,"Harvest: Massive Encounter"
15500,0,9.99,-1,"2008-07-17 00:00:00",0,"The Wonderful End of the World"
15540,0,9.99,-1,"1970-01-01 00:00:00",0,"1... 2... 3... KICK IT! (Drop That Beat Like an Ugly Baby)"
15560,0,9.99,-1,"2011-11-23 00:00:00",0,"AaaaaAAaaaAAAaaAAAAaAAAAA!!! for the Awesome"
15700,0,2.99,-1,"2008-08-28 00:00:00",0,"Oddworld: Abe's Oddysee®"
15710,0,2.99,-1,"2008-08-28 00:00:00",0,"Oddworld: Abe's Exoddus®"
15740,0,4.99,-1,"2010-12-20 00:00:00",0,"Oddworld: Munch's Oddysee"
15750,0,9.99,-1,"2010-12-20 00:00:00",0,"Oddworld: Stranger's Wrath HD"
15800,0,9.99,-1,"2008-06-30 00:00:00",0,"Planet Busters"
15900,0,9.99,-1,"2008-06-10 00:00:00",0,"7 Wonders II"
15910,0,9.99,-1,"2008-06-10 00:00:00",0,"Luxor Amun Rising"
15920,0,9.99,-1,"2008-06-10 00:00:00",0,"Luxor 2"
15930,0,9.99,-1,"2008-06-10 00:00:00",0,"Luxor 3"
15950,0,9.99,-1,"2008-06-10 00:00:00",0,Reaxxion
15960,0,9.99,-1,"2008-06-10 00:00:00",0,"Little Farm"
15970,0,9.99,-1,"2008-06-10 00:00:00",0,Luxor
16000,0,9.99,-1,"2008-07-29 00:00:00",0,"Discovery! A Seek and Find Adventure"
16020,0,9.99,-1,"2008-10-31 00:00:00",0,"Samantha Swift and the Hidden Roses of Athena"
16030,0,9.99,-1,"2008-11-14 00:00:00",0,"7 Wonders: Treasures of Seven"
16040,0,9.99,-1,"2008-12-15 00:00:00",0,"Luxor: Quest for the Afterlife "
16060,0,9.99,-1,"2009-04-29 00:00:00",0,"Samantha Swift and the Golden Touch"
16100,0,9.99,-1,"2008-05-12 00:00:00",0,"Virtual Villagers: A New Home"
16110,0,9.99,-1,"2008-05-12 00:00:00",0,"Virtual Villagers: The Lost Children"
16120,0,9.99,-1,"2008-05-12 00:00:00",0,"Plant Tycoon"
16130,0,9.99,-1,"2008-05-12 00:00:00",0,"Fish Tycoon"
16180,0,9.99,-1,"2008-05-28 00:00:00",0,"Virtual Villagers - The Secret City"
16200,0,9.99,-1,"2009-05-06 00:00:00",0,"Virtual Families"
16500,0,2.99,-1,"2008-05-22 00:00:00",0,"Chaos Theory"
16600,1,9.99,-1,"2008-05-28 00:00:00",0,"Trials 2: Second Edition"
16620,0,19.99,-1,"2009-01-29 00:00:00",0,"Monster Trucks Nitro "
17120,0,2.49,-1,"2008-09-22 00:00:00",0,"Children of the Nile: Alexandria"
17180,0,9.99,-1,"2008-11-19 00:00:00",0,"Mosby's Confederacy"
17440,0,19.99,-1,"2008-12-19 00:00:00",0,"SPORE™ Creepy & Cute Parts Pack"
17500,1,0,-1,"2008-10-03 00:00:00",0,"Zombie Panic! Source"
17510,1,0,-1,"2008-10-03 00:00:00",0,"Age of Chivalry"
17520,1,0,-1,"2008-10-03 00:00:00",0,Synergy
17530,1,0,-1,"2008-10-03 00:00:00",0,"D.I.P.R.I.P. Warm Up"
17550,1,0,-1,"2009-02-06 00:00:00",0,"Eternal Silence"
17570,1,0,-1,"2010-02-12 00:00:00",0,"Pirates, Vikings, and Knights II"
17580,1,0,-1,"2009-02-06 00:00:00",0,Dystopia
17700,1,0,-1,"2008-10-03 00:00:00",0,"INSURGENCY: Modern Infantry Combat"
17730,1,0,-1,"2009-06-01 00:00:00",0,Smashball
17740,1,0,-1,"2008-07-28 00:00:00",0,"Empires Mod"
18000,0,7.99,-1,"2008-05-21 00:00:00",17,"Precipice of Darkness, Episode One"
18020,0,7.99,-1,"2008-11-07 00:00:00",17,"Precipice of Darkness, Episode Two"
18300,0,4.99,-1,"2008-10-20 00:00:00",0,Spectraball
18600,1,9.99,-1,"2009-01-22 00:00:00",0,"Mayhem Intergalactic"
18820,1,4.99,-1,"2010-01-12 00:00:00",0,"Zero Gear"
19020,1,9.99,-1,"2010-04-21 00:00:00",0,"Puzzle Chronicles"
19080,0,9.99,-1,"2010-05-07 00:00:00",0,Biozone
19200,0,4.99,-1,"2008-08-21 00:00:00",0,"Tank Universal"
19320,0,4.99,-1,"2012-03-16 00:00:00",0,"Space Ark"
19500,0,4.99,-1,"2008-07-31 00:00:00",0,"Eternity's Child"
20200,1,19.99,-1,"2008-10-21 00:00:00",0,"Galactic Bowling"
20700,0,9.99,-1,"2008-11-03 00:00:00",0,Starscape
21300,0,4.99,-1,"2008-09-30 00:00:00",0,"Gravitron 2"
21400,0,9.99,-1,"2008-10-03 00:00:00",0,"Project Aftermath"
21500,0,4.99,-1,"2008-11-13 00:00:00",0,Pyroblazer®
21600,0,0,-1,"2009-03-09 00:00:00",0,"Age of Booty™"
21910,0,9.99,72,"2009-03-13 00:00:00",0,"World In Conflict: Soviet Assault"
22500,1,9.99,-1,"2009-02-11 00:00:00",0,Spectromancer
23300,0,5.99,-1,"2009-05-26 00:00:00",0,Yosumin!™
23700,1,14.99,-1,"2009-04-27 00:00:00",0,"Puzzle Kingdoms"
24010,0,29.99,-1,"2015-09-17 00:00:00",0,"Train Simulator 2016"
24400,1,9.99,-1,"2009-11-24 00:00:00",0,"King Arthur - The Role-playing Wargame"
24410,1,9.99,-1,"2009-10-08 00:00:00",0,"Crusaders: Thy Kingdom Come"
24640,0,19.99,-1,"2010-09-01 00:00:00",0,"Trainz: Classic Cabon City"
24650,0,19.99,-1,"2010-10-01 00:00:00",0,"Trainz Settle and Carlisle"
24660,0,19.99,-1,"2010-10-22 00:00:00",0,"Trainz: Murchison 2"
24670,1,29.99,-1,"2011-06-08 00:00:00",0,"Trainz™ Simulator 12"
24780,0,19.99,-1,"2010-07-20 00:00:00",0,"SimCity™ 4 Deluxe Edition"
24800,0,19.99,-1,"2009-10-06 00:00:00",0,"Command & Conquer: Red Alert 3 - Uprising"
25010,0,9.99,-1,"2010-10-08 00:00:00",0,"Lugaru HD"
25500,1,2.99,-1,"2009-10-28 00:00:00",0,"Cricket Revolution"
25620,0,9.99,-1,"2010-07-12 00:00:00",0,"Eschalon: Book II"
25990,1,9.99,-1,"2009-09-04 00:00:00",0,"Majesty Gold HD"
27020,0,4.99,-1,"2009-03-09 00:00:00",0,"The Graveyard"
27040,0,0,79,"2009-06-08 00:00:00",0,"The Path - Prologue"
27050,0,6.99,-1,"2009-11-04 00:00:00",0,Fatale
27200,1,19.99,-1,"2009-04-02 00:00:00",0,"Summer Athletics"
27600,0,9.99,-1,"2009-03-20 00:00:00",0,"Mevo and The Grooveriders"
27800,0,9.99,-1,"2009-03-19 00:00:00",0,"Space Giraffe"
27810,0,9.99,-1,"2010-02-22 00:00:00",0,"Gridrunner Revolution"
27900,0,4.99,-1,"2009-09-16 00:00:00",0,"Twin Sector"
27920,1,4.99,-1,"2010-04-23 00:00:00",0,"Booster Trooper"
27940,0,9.99,-1,"2011-07-27 00:00:00",0,"Dead Horde"
29120,0,4.99,-1,"2009-11-12 00:00:00",0,"Yumsters 2: Around the World"
29130,0,4.99,-1,"2009-03-19 00:00:00",0,"Musaic Box"
29140,1,0,-1,"2009-03-19 00:00:00",0,Between
29150,0,0,-1,"2009-03-19 00:00:00",0,Mightier
29800,0,1.99,-1,"2009-03-19 00:00:00",0,Caster
31220,0,19.99,-1,"2010-04-15 00:00:00",0,"Sam & Max: The Devil’s Playhouse "
31230,0,19.99,-1,"2010-04-15 00:00:00",0,"Sam & Max: The Devil’s Playhouse "
31240,0,19.99,-1,"2010-04-15 00:00:00",0,"Sam & Max: The Devil’s Playhouse "
31250,0,19.99,-1,"2010-04-15 00:00:00",0,"Sam & Max: The Devil’s Playhouse "
31260,0,19.99,-1,"2010-04-15 00:00:00",0,"Sam & Max: The Devil’s Playhouse "
31500,0,0,-1,"2009-03-19 00:00:00",0,COIL
31850,0,6.99,-1,"2009-10-10 00:00:00",0,"Nancy Drew®: Ghost Dogs of Moon Lake"
31870,0,6.99,-1,"2009-07-17 00:00:00",0,"Nancy Drew® Dossier™: Lights, Camera, Curses!"
31890,0,6.99,-1,"2009-10-10 00:00:00",0,"Nancy Drew®: Secret of the Scarlet Hand"
32000,0,4.99,-1,"2009-04-17 00:00:00",0,Raycatcher
32110,0,9.99,-1,"2009-07-13 00:00:00",0,"LUXOR: Mah Jong"
32120,0,9.99,-1,"2009-07-13 00:00:00",0,"Chainz 2: Relinked"
32140,0,9.99,-1,"2009-09-28 00:00:00",0,"Midnight Mysteries"
32150,0,4.99,-1,"2009-10-21 00:00:00",0,"Everyday Genius: SquareLogic"
32160,1,9.99,-1,"2009-10-15 00:00:00",0,"Zombie Bowl-o-Rama"
32200,1,9.99,-1,"2009-10-22 00:00:00",0,"Metal Drift"
32310,0,5.99,-1,"2009-07-08 00:00:00",0,"Indiana Jones® and the Last Crusade™"
32340,0,5.99,-1,"2009-07-08 00:00:00",0,LOOM™
32390,1,2.99,-1,"2009-09-16 00:00:00",0,"STAR WARS™ Jedi Knight - Mysteries of the Sith™"
32400,0,5.99,-1,"2009-09-16 00:00:00",0,"STAR WARS™ - Dark Forces"
32470,0,19.99,-1,"2010-05-25 00:00:00",0,"STAR WARS™ Empire at War - Gold Pack"
32610,1,19.99,-1,"2009-06-18 00:00:00",0,"Delta Force Xtreme 2"
32620,0,4.99,-1,"2009-06-18 00:00:00",0,"Delta Force"
32630,1,4.99,-1,"2009-06-18 00:00:00",0,"Delta Force 2"
32680,1,9.99,-1,"2009-06-18 00:00:00",0,"Delta Force — Black Hawk Down: Team Sabre"
32710,1,9.99,-1,"2009-06-18 00:00:00",0,"Armored Fist 3"
32720,1,9.99,-1,"2009-06-18 00:00:00",0,"F-16 Multirole Fighter"
32730,1,9.99,-1,"2009-06-18 00:00:00",0,"F-22 Lightning 3"
32740,1,9.99,-1,"2009-06-01 00:00:00",0,"MiG-29 Fulcrum"
32760,1,9.99,-1,"2009-06-18 00:00:00",0,"Tachyon: The Fringe"
32770,1,19.99,-1,"2009-09-29 00:00:00",0,"Joint Operations: Combined Arms Gold"
33100,0,4.99,-1,"2009-05-27 00:00:00",0,"Alien Shooter"
33110,0,4.99,-1,"2009-05-27 00:00:00",0,"Alien Shooter: Revisited"
33120,0,4.99,-1,"2009-05-27 00:00:00",0,"Alien Shooter 2: Reloaded"
33130,0,4.99,-1,"2009-05-27 00:00:00",0,"Zombie Shooter"
33180,0,9.99,-1,"2009-11-18 00:00:00",0,"Zombie Shooter 2"
33340,1,9.99,78,"2010-02-25 00:00:00",0,"Dawn of Discovery™: Venice"
33520,0,6.99,-1,"2009-07-26 00:00:00",0,"Tropico Reloaded"
33530,0,6.99,-1,"2009-07-26 00:00:00",0,"Tropico Reloaded"
33550,1,9.99,-1,"2009-09-11 00:00:00",0,"Time of Shadows"
33580,0,7.99,-1,"1970-01-01 00:00:00",0,"The Great Art Race"
33600,0,5.99,-1,"2009-12-02 00:00:00",0,"Broken Sword 2 - the Smoking Mirror: Remastered"
33620,1,9.99,-1,"2009-11-25 00:00:00",0,"Crash Time 3"
33650,0,4.99,-1,"2010-05-28 00:00:00",0,"Puzzler World"
33660,1,4.99,-1,"2010-05-28 00:00:00",0,Ziro
33680,0,4.99,-1,"2010-06-07 00:00:00",0,eversion
33730,0,9.99,-1,"1970-01-01 00:00:00",0,"18 Wheels of Steel: Extreme Trucker"
33750,0,24.99,-1,"1970-01-01 00:00:00",0,"Prison Tycoon 4: SuperMax"
33770,0,19.99,-1,"2011-02-16 00:00:00",0,"Drakensang: The River of Time"
33780,0,9.99,-1,"2011-05-13 00:00:00",0,"Drakensang - Phileasson's Secret"
33790,0,19.99,-1,"2011-06-09 00:00:00",0,"Elizabeth Find M.D. - Diagnosis Mystery - Season 2"
33950,0,4.99,-1,"2010-11-05 00:00:00",0,"Fish Fillets 2"
33980,0,9.99,-1,"2010-11-05 00:00:00",0,"Pound of Ground"
34330,1,29.99,-1,"2011-03-15 00:00:00",0,"Total War: SHOGUN 2"
34420,1,6.99,-1,"2009-08-28 00:00:00",0,"XIII Century – Gold Edition"
34640,0,9.99,-1,"2009-11-04 00:00:00",0,"Massive Assault: Phantom Renaissance"
34810,0,2.99,-1,"2009-10-14 00:00:00",0,"Project Freedom"
34820,1,4.99,-1,"2009-10-14 00:00:00",0,"Combat Wings: Battle of Britain"
34900,0,0.99,-1,"2009-07-20 00:00:00",0,"Bad Rats: the Rats' Revenge"
35070,0,3.99,-1,"2009-10-01 00:00:00",0,"Flora's Fruit Farm"
35300,0,12.99,-1,"2009-07-20 00:00:00",0,Warfare
35320,1,14.99,-1,"2012-01-24 00:00:00",0,"Insane 2"
35420,1,0,-1,"2009-12-11 00:00:00",0,"Defence Alliance 2"
35480,0,9.99,-1,"2011-05-04 00:00:00",0,Dwarfs!?
35600,0,9.99,-1,"2009-11-05 00:00:00",0,"Big Brain Wolf"
35800,0,1.99,-1,"2009-07-06 00:00:00",0,"BRAINPIPE: A Plunge to Unhumanity"
36000,0,4.99,-1,"2009-08-04 00:00:00",0,"Foreign Legion: Buckets of Blood"
36100,0,4.99,-1,"2009-07-17 00:00:00",0,"Tradewinds Classics"
36110,0,4.99,-1,"2009-07-17 00:00:00",0,"Tradewinds Classics"
36120,0,4.99,-1,"2009-07-17 00:00:00",0,"Tradewinds Classics"
36130,0,14.99,-1,"2009-07-17 00:00:00",0,"Tradewinds Caravans + Odyssey Pack"
36140,0,14.99,-1,"2009-07-17 00:00:00",0,"Tradewinds Caravans + Odyssey Pack"
36150,0,14.99,-1,"2009-07-17 00:00:00",0,"Westward Collection"
36160,0,14.99,-1,"2009-07-17 00:00:00",0,"Westward Collection"
36170,0,14.99,-1,"2009-07-17 00:00:00",0,"Westward Collection"
36180,0,14.99,-1,"2009-07-17 00:00:00",0,"Cake Mania Collection"
36190,0,14.99,-1,"2009-07-17 00:00:00",0,"Cake Mania Collection"
36200,0,14.99,-1,"2009-07-17 00:00:00",0,"Cake Mania Collection"
36210,0,4.99,-1,"2009-07-17 00:00:00",0,"Monster Mash"
36240,0,6.99,-1,"2009-09-21 00:00:00",0,Kuros
36270,0,14.99,-1,"2009-07-17 00:00:00",0,"Super Granny Collection"
36280,0,14.99,-1,"2009-07-17 00:00:00",0,"Super Granny Collection"
36290,0,14.99,-1,"2009-07-17 00:00:00",0,"Super Granny Collection"
36300,0,6.99,-1,"2010-02-16 00:00:00",0,"Cake Mania Main Street™"
36310,0,6.99,-1,"2010-02-16 00:00:00",0,"Westward® IV: All Aboard"
36320,0,6.99,-1,"2010-02-16 00:00:00",0,"Iron Roses"
36900,1,9.99,-1,"2009-08-17 00:00:00",0,"Angle of Attack"
36910,1,9.99,-1,"2009-08-17 00:00:00",0,"All Aspect Warfare"
37100,0,9.99,-1,"2009-11-05 00:00:00",0,Aztaka
37210,0,9.99,-1,"2009-08-12 00:00:00",0,"Chocolatier®: Decadence by Design™"
37220,0,9.99,-1,"2009-08-12 00:00:00",0,"Cooking Dash®"
37230,0,9.99,-1,"2009-08-12 00:00:00",0,"Diaper Dash®"
37240,0,9.99,-1,"2009-08-12 00:00:00",0,"Diner Dash:® Hometown Hero™"
37250,0,14.99,-1,"2009-08-12 00:00:00",0,"Dream Chronicles®: The Chosen Child™"
37270,0,14.99,-1,"2009-08-12 00:00:00",0,"Wandering Willows™"
37280,0,9.99,-1,"2009-08-12 00:00:00",0,"Wedding Dash® 2: Rings Around the World"
37290,0,9.99,-1,"2009-08-12 00:00:00",0,Zenerchi®
37300,0,9.99,-1,"2009-09-30 00:00:00",0,"DinerTown Tycoon"
37310,0,6.99,-1,"2010-05-06 00:00:00",0,"DinerTown Detective Agency™"
37320,0,6.99,-1,"2010-05-06 00:00:00",0,"The Nightshift Code™"
37330,0,6.99,-1,"2010-05-06 00:00:00",0,"Nightshift Legacy: The Jaguar's Eye™"
37340,0,6.99,-1,"2010-05-06 00:00:00",0,"Fitness Dash™"
37360,0,6.99,-1,"2010-05-06 00:00:00",0,"Mahjong Roadshow™"
37370,0,6.99,-1,"2010-05-06 00:00:00",0,"TriJinx: A Kristine Kross Mystery™"
37380,0,6.99,-1,"2010-05-06 00:00:00",0,"Valerie Porter and the Scarlet Scandal™"
37390,0,6.99,-1,"2010-05-06 00:00:00",0,"Gemini Lost™"
37500,1,1.99,-1,"2009-11-05 00:00:00",0,"Magnetis "
37600,0,2.99,-1,"2009-09-25 00:00:00",0,Windosill
37960,0,19.99,-1,"2009-08-24 00:00:00",0,"Jewel Quest Pack"
37970,0,19.99,-1,"2009-08-24 00:00:00",0,"Jewel Quest Pack"
37980,0,19.99,-1,"2009-08-24 00:00:00",0,"Jewel Quest Pack"
37990,0,19.99,-1,"2009-08-24 00:00:00",0,"Jewel Quest Pack"
38000,0,9.99,-1,"2009-08-24 00:00:00",0,"Mahjong Quest Collection"
38010,0,9.99,-1,"2009-08-24 00:00:00",0,"Mahjong Quest Collection"
38020,0,9.99,-1,"2009-08-24 00:00:00",0,"Mahjong Quest Collection"
38070,0,9.99,-1,"2009-12-17 00:00:00",0,"Coconut Queen"
38080,0,9.99,-1,"2009-12-17 00:00:00",0,Build-A-Lot
38090,0,9.99,-1,"2009-12-17 00:00:00",0,"Build-A-Lot 2: Town of the Year"
38100,0,9.99,-1,"2009-12-17 00:00:00",0,"Build-A-Lot 3: Passport to Europe"
38110,0,9.99,-1,"2009-12-17 00:00:00",0,"Build-A-Lot 4: Power Source"
38120,0,4.99,-1,"2010-02-15 00:00:00",0,"Farm Frenzy"
38130,0,4.99,-1,"2010-02-15 00:00:00",0,"Farm Frenzy 2"
38140,0,4.99,-1,"2010-02-15 00:00:00",0,"Farm Frenzy: Pizza Party"
38150,0,9.99,-1,"2010-02-15 00:00:00",0,"Farm Frenzy 3"
38160,0,9.99,-1,"2010-02-15 00:00:00",0,"Farm Frenzy 3: American Pie"
38170,0,9.99,-1,"2010-02-20 00:00:00",0,"Cradle of Rome"
38180,0,9.99,-1,"2010-02-20 00:00:00",0,"Cradle of Persia"
38190,0,9.99,-1,"2010-02-20 00:00:00",0,"Romance of Rome"
38430,1,9.99,-1,"2009-08-19 00:00:00",0,"Kingpin — Life of Crime"
38450,0,9.99,-1,"2009-09-17 00:00:00",0,MDK
38490,0,19.99,-1,"2009-11-04 00:00:00",0,"Earthworm Jim 2"
38600,0,9.99,-1,"2010-09-17 00:00:00",0,"Faerie Solitaire"
39000,1,0,-1,"2010-07-06 00:00:00",0,"Moonbase Alpha"
39110,0,4.99,-1,"2010-02-03 00:00:00",0,"SEASON OF MYSTERY: The Cherry Blossom Murders"
39140,0,11.99,-1,"2013-07-04 00:00:00",13,"FINAL FANTASY VII"
39360,0,19.99,-1,"2009-09-23 00:00:00",0,"Freeze Tag Fun Pack #1"
39560,1,9.99,-1,"2009-10-27 00:00:00",0,"Painkiller: Resurrection"
39800,1,9.99,-1,"2009-09-03 00:00:00",0,"Nation Red"
39900,0,4.99,-1,"2010-03-26 00:00:00",0,Coniclysm
40200,0,9.99,-1,"2009-10-01 00:00:00",0,ItzaBitza
40210,0,9.99,-1,"2009-12-09 00:00:00",0,ItzaZoo
40330,0,9.99,-1,"2009-10-29 00:00:00",0,"Secret Files Tunguska"
40500,1,8.99,-1,"2009-11-06 00:00:00",0,Sacraboar
40720,0,4.99,-1,"2009-12-10 00:00:00",0,"Samorost 2"
41010,1,0,76,"2012-05-15 00:00:00",17,"Serious Sam HD: The Second Encounter - Demo"
41100,0,4.99,-1,"2009-10-28 00:00:00",0,Hammerfight
41400,1,2.99,-1,"2009-11-04 00:00:00",0,"Doom Rails"
41600,0,19.99,-1,"2009-11-04 00:00:00",0,"Earthworm Jim 3D"
41660,0,9.99,-1,"2010-10-28 00:00:00",0,"Tommy Tronic"
41680,0,9.99,-1,"2011-05-23 00:00:00",0,"Death and the Fly"
41740,0,9.99,-1,"2011-04-21 00:00:00",0,"Cargo! The Quest for Gravity"
42000,0,4.99,-1,"2011-01-27 00:00:00",0,Trino
42210,0,6.99,-1,"2011-07-25 00:00:00",0,"Nancy Drew®:  Secrets Can Kill REMASTERED"
42220,0,6.99,-1,"2011-07-25 00:00:00",0,"Nancy Drew: The Captive Curse"
42230,0,6.99,-1,"2011-07-25 00:00:00",0,"Nancy Drew: Trail of the Twister"
42500,1,2.99,-1,"2010-06-14 00:00:00",0,DogFighter
42680,1,39.99,-1,"2011-11-08 00:00:00",17,"Call of Duty®: Modern Warfare® 3"
42690,1,39.99,-1,"2011-11-08 00:00:00",17,"Call of Duty®: Modern Warfare® 3"
42810,1,9.99,-1,"2009-11-11 00:00:00",0,"For The Glory: A Europa Universalis Game"
42850,1,9.99,-1,"2010-02-23 00:00:00",0,"Arsenal of Democracy: A Hearts of Iron Game"
42930,1,1.99,-1,"2009-12-03 00:00:00",0,"Elven Legacy: Magic"
42940,1,1.99,-1,"2009-11-17 00:00:00",0,"Elven Legacy: Siege"
42980,1,9.99,-1,"2010-08-20 00:00:00",0,"Victoria I Complete"
43100,0,14.99,-1,"2009-10-30 00:00:00",0,"World of Zoo"
44100,1,4.99,-1,"2010-02-18 00:00:00",0,"Super Laser  Racer"
44600,1,6.99,-1,"2012-09-25 00:00:00",0,"GTR - FIA GT Racing Game"
44620,1,3.99,-1,"2011-04-08 00:00:00",0,"STCC The Game 2 – Expansion Pack for RACE 07"
44650,1,2.99,-1,"2011-04-21 00:00:00",0,"GT Power Pack – Expansion Pack for RACE 07"
44660,1,3.99,-1,"2011-06-23 00:00:00",0,"RETRO – Expansion Pack for RACE 07"
44670,1,3.99,-1,"2011-05-20 00:00:00",0,"WTCC 2010 – Expansion Pack for RACE 07"
45100,0,4.99,-1,"2010-02-03 00:00:00",0,"Secret of the Magic Crystals"
45400,0,0.99,-1,"2010-04-14 00:00:00",0,Fortix
45410,1,9.99,-1,"2011-10-28 00:00:00",0,Ignite
45500,1,4.99,-1,"2010-12-23 00:00:00",0,Clickr
45730,0,4.99,-1,"2010-04-12 00:00:00",0,"Dark Void™ Zero"
45760,1,29.99,-1,"2014-08-07 00:00:00",0,"Ultra Street Fighter® IV"
46200,0,2.99,-1,"2010-01-22 00:00:00",0,"A.I.M. Racing"
46250,1,6.99,-1,"2010-02-19 00:00:00",0,"NecroVisioN: Lost Company"
46260,0,6.99,-1,"2010-03-02 00:00:00",0,"Star Wolves 3: Civil War"
46270,0,4.99,-1,"2010-03-02 00:00:00",0,"Star Wolves"
46280,0,4.99,-1,"2010-03-02 00:00:00",0,"Star Wolves 2"
46350,0,4.99,-1,"2011-11-30 00:00:00",0,"Real Warfare 1242"
46360,1,8.99,-1,"2010-07-09 00:00:00",0,"Theatre of War 2: Kursk 1943"
46400,0,4.99,-1,"2010-01-13 00:00:00",0,"Greed: Black Border"
46440,1,4.99,-1,"2010-07-15 00:00:00",0,"Future Wars"
46520,0,9.99,-1,"2011-09-01 00:00:00",0,"Wasteland Angel"
46600,1,4.99,-1,"2010-08-19 00:00:00",0,"Swarm Arena"
46700,0,9.99,-1,"2010-04-28 00:00:00",0,"Ironclads: American Civil War"
46710,0,9.99,-1,"2010-04-28 00:00:00",0,"Ironclads: High Seas"
46720,1,9.99,-1,"2010-07-21 00:00:00",0,Dimensity
46730,0,9.99,-1,"2010-04-28 00:00:00",0,"Hazen: The Dark Whispers"
46740,0,4.99,-1,"2010-04-21 00:00:00",0,"World Basketball Manager 2010"
46760,0,9.99,-1,"2011-06-21 00:00:00",0,"Ironclads: Schleswig War 1864"
46830,0,9.99,-1,"2011-06-21 00:00:00",0,"Ironclads: Anglo Russian War 1866"
46840,0,9.99,-1,"2011-06-21 00:00:00",0,"Ironclads: Chincha Islands War 1866"
46850,0,14.99,-1,"2011-04-20 00:00:00",0,"Zombie Pirates"
47000,0,3.99,-1,"2010-07-12 00:00:00",0,"4 Elements"
47110,0,9.99,-1,"2010-07-08 00:00:00",0,"Escape From Paradise "
47120,0,9.99,-1,"2010-07-08 00:00:00",0,"Escape From Paradise 2"
47130,0,9.99,-1,"2010-07-08 00:00:00",0,"Book of Legends"
47400,1,29.99,-1,"2012-05-25 00:00:00",0,"Stronghold 3 Gold"
47500,0,4.99,-1,"2010-02-11 00:00:00",0,"Mishap: An Accidental Haunting"
47520,0,4.99,-1,"2010-02-11 00:00:00",0,"The Otherside: Realm of Eons"
47570,0,14.99,-1,"2011-01-28 00:00:00",0,"Mishap 2: An Intentional Haunting - Collector's Edition"
48150,0,4.99,-1,"2010-07-15 00:00:00",0,"Voodoo Dice"
48900,0,0,-1,"1970-01-01 00:00:00",0,Saira
49000,0,6.99,-1,"2010-05-06 00:00:00",0,"Hotel Dash™ Suite Success™"
49320,0,4.99,-1,"2010-11-02 00:00:00",0,"Woody Two-Legs: Attack of the Zombie Pirates"
49800,0,4.99,-1,"2010-05-12 00:00:00",0,"Flight of the Icarus"
50820,0,0,-1,"2010-05-12 00:00:00",0,"Max and the Magic Marker"
50910,0,9.99,-1,"2010-04-21 00:00:00",0,"Professor Fizzwizzle and the Molten Mystery"
50920,0,9.99,-1,"2010-04-21 00:00:00",0,"Hidden Expedition: Amazon"
50930,0,9.99,-1,"2010-04-21 00:00:00",0,"Hidden Expedition: Everest"
50940,1,9.99,-1,"2010-04-21 00:00:00",0,"Hidden Expedition: Titanic"
50950,0,9.99,-1,"2010-04-21 00:00:00",0,"Mahjong Towers Eternity"
50960,0,9.99,-1,"2010-04-21 00:00:00",0,"Mystery Case Files: Huntsville"
50970,0,9.99,-1,"2007-12-14 00:00:00",0,"Mystery Case Files: Madame Fate"
50980,0,9.99,-1,"2010-04-21 00:00:00",0,"Mystery Case Files: Prime Suspects"
50990,0,9.99,-1,"2010-04-21 00:00:00",0,"Mystery Case Files: Ravenhearst"
51000,0,9.99,-1,"2010-04-21 00:00:00",0,"Mystery Case Files: Return to Ravenhearst"
51010,0,9.99,-1,"2010-04-21 00:00:00",0,"My Tribe"
51020,0,9.99,-1,"2010-04-21 00:00:00",0,"Unwell Mel"
51030,0,9.99,-1,"2010-04-21 00:00:00",0,"Atlantis Sky Patrol"
51060,0,9.99,-1,"2011-01-19 00:00:00",0,"Drawn®: The Painted Tower"
55020,1,9.99,-1,"2010-09-29 00:00:00",0,"Air Forte"
55140,1,19.99,-1,"2010-11-26 00:00:00",0,"MX vs. ATV Reflex"
55370,0,0,84,"2011-11-01 00:00:00",17,"Saints Row: The Third Initiation Station"
56400,1,29.99,-1,"2011-02-28 00:00:00",17,"Warhammer 40,000: Dawn of War II: Retribution"
57000,0,2.99,-1,"2010-09-27 00:00:00",0,"NyxQuest: Kindred Spirits"
57600,0,9.99,79,"2010-05-17 00:00:00",0,"Tropico 3: Absolute Power "
57640,0,5.99,-1,"2010-09-02 00:00:00",0,"Broken Sword: Director's Cut"
57730,1,19.99,-1,"2011-04-11 00:00:00",0,"Patrician IV: Rise of a Dynasty"
58550,1,9.99,-1,"2011-09-28 00:00:00",0,"A Game of Thrones - Genesis"
60340,0,9.99,-1,"2011-01-25 00:00:00",0,"Luxor: 5th Passage"
60350,0,9.99,-1,"2011-09-30 00:00:00",0,Glowfish
60600,1,0,-1,"2010-10-06 00:00:00",0,ProtoGalaxy
60700,1,9.99,-1,"2010-08-04 00:00:00",0,"Power of Defense"
60800,0,7.99,-1,"2010-06-03 00:00:00",0,"Numen: Contest of Heroes"
61100,0,4.99,-1,"2011-07-19 00:00:00",0,Lucid
61310,0,6.99,-1,"2011-11-29 00:00:00",0,"Fractal: Make Blooms Not War"
61500,1,5.99,-1,"2010-10-01 00:00:00",0,"Age of Wonders"
61600,0,4.99,-1,"2010-11-16 00:00:00",0,"Zen Bound 2"
61730,1,6.99,-1,"2012-09-11 00:00:00",0,"Critter Crunch"
62000,0,4.99,-1,"2010-11-18 00:00:00",0,"Flight Control HD"
62100,0,4.99,-1,"2010-09-06 00:00:00",0,Chime
63500,1,9.99,-1,"2010-12-02 00:00:00",0,"Swords and Soldiers HD"
63620,0,5.99,-1,"1970-01-01 00:00:00",0,"Cosmic Osmo and the Worlds Beyond the Mackerel"
63630,0,5.99,-1,"1970-01-01 00:00:00",0,"The Manhole: Masterpiece Edition"
63640,0,5.99,-1,"1970-01-01 00:00:00",0,"Spelunx and the Caves of Mr. Seudo"
63650,0,9.99,-1,"2010-08-03 00:00:00",0,"URU: Complete Chronicles"
63660,0,5.99,-1,"2011-02-02 00:00:00",0,"Myst: Masterpiece Edition"
63700,0,9.99,-1,"2010-11-02 00:00:00",0,"BIT.TRIP BEAT"
63710,0,9.99,-1,"2011-02-28 00:00:00",0,"BIT.TRIP RUNNER"
63800,1,4.99,-1,"2010-09-24 00:00:00",0,"Delve Deeper"
65070,0,4.99,-1,"2013-11-04 00:00:00",0,"Ride 'em Low"
65200,0,9.99,-1,"2010-12-17 00:00:00",0,"Dive to the Titanic"
65270,0,9.99,-1,"2011-08-04 00:00:00",0,"Demolition Company Gold Edition"
65400,1,9.99,-1,"2010-11-02 00:00:00",0,"Archon Classic"
65600,0,9.99,-1,"2011-03-22 00:00:00",0,"Gothic 3: Forsaken Gods Enhanced Edition"
65610,0,14.99,-1,"2011-10-24 00:00:00",0,"ArcaniA: Fall of Setarrif"
65700,1,8.99,-1,"2010-08-27 00:00:00",0,"Arma 2: British Armed Forces"
65710,0,6.99,-1,"2010-11-05 00:00:00",0,"Pat & Mat"
65720,1,8.99,-1,"2010-11-30 00:00:00",0,"Arma 2: Private Military Company"
65740,0,32.99,-1,"2012-09-28 00:00:00",17,"Carrier Command: Gaea Mission"
65780,1,9.99,-1,"2011-07-13 00:00:00",17,"ARMA: Gold Edition "
65790,0,5.99,-1,"2011-08-08 00:00:00",17,"ARMA: Cold War Assault"
67000,0,6.99,-1,"2010-10-15 00:00:00",0,"The Polynomial - Space of the music"
70100,0,9.99,-1,"2010-09-14 00:00:00",0,"Hacker Evolution"
70110,0,9.99,-1,"2010-09-14 00:00:00",0,"Hacker Evolution: Untold"
70120,0,19.99,-1,"2011-08-15 00:00:00",0,"Hacker Evolution Duality"
70200,0,7.99,-1,"2010-10-11 00:00:00",0,"Governor of Poker 2"
70210,0,14.99,-1,"2010-10-11 00:00:00",0,"Governor of Poker 2 - Premium Edition"
70500,0,4.99,-1,"2010-10-08 00:00:00",0,"Diamond Dan"
70620,0,9.99,-1,"2011-10-19 00:00:00",0,"Worms Crazy Golf"
70640,0,7.99,-1,"2011-10-19 00:00:00",0,Worms
70660,0,7.99,-1,"2011-10-19 00:00:00",0,"Worms Pinball"
70900,1,14.99,-1,"2010-09-20 00:00:00",0,"Star Ruler"
71230,0,7.99,-1,"2011-03-04 00:00:00",0,"Crazy Taxi"
71240,0,7.99,-1,"2011-03-04 00:00:00",0,"SEGA Bass Fishing"
71250,0,7.99,-1,"2011-03-04 00:00:00",0,"Sonic Adventure DX"
71260,1,7.99,-1,"2011-03-04 00:00:00",0,"Space Channel 5: Part 2"
72400,1,9.99,-1,"2010-11-18 00:00:00",0,Clones
72500,0,4.99,-1,"2010-12-02 00:00:00",0,Arcadia
72900,0,4.99,-1,"2010-10-29 00:00:00",0,"Winter Voices"
73020,1,19.99,-1,"2011-04-19 00:00:00",0,"Majesty 2 Collection"
80300,0,4.99,-1,"2010-10-22 00:00:00",0,"Puzzle Bots"
80340,0,4.99,-1,"2012-01-13 00:00:00",0,"Blackwell Unbound"
80350,0,4.99,-1,"2012-01-13 00:00:00",0,"Blackwell Convergence"
90200,1,9.99,-1,"2010-10-29 00:00:00",0,"Farming Simulator 2011"
90400,0,4.49,-1,"2010-12-03 00:00:00",0,"Blue Toad Murder Files™: The Mysteries of Little Riddle"
91700,1,9.99,-1,"2011-07-29 00:00:00",0,"E.Y.E: Divine Cybermancy"
91800,0,4.99,-1,"2011-03-15 00:00:00",0,"Cloning Clyde"
91810,0,9.99,-1,"2011-05-20 00:00:00",0,"Ancients of Ooga"
92100,1,1.99,-1,"2011-05-16 00:00:00",0,DETOUR
92200,0,3.99,-1,"2011-09-27 00:00:00",0,"Gundemonium Recollection"
92210,0,3.99,-1,"2011-09-27 00:00:00",0,"Hitogata Happa"
92220,0,3.99,-1,"2011-09-27 00:00:00",0,GundeadliGne
92400,1,2.99,-1,"2011-02-28 00:00:00",0,"B.U.T.T.O.N. (Brutally Unfair Tactics Totally OK Now)"
92900,1,4.99,-1,"2011-02-23 00:00:00",0,"Agricultural Simulator 2011: Extended Edition"
94000,0,3.99,-1,"2011-03-01 00:00:00",0,"Dinner Date"
95000,0,9.99,-1,"2013-06-26 00:00:00",0,"Super Splatters"
95700,0,0,-1,"2011-06-15 00:00:00",0,"The Cat and the Coup"
96100,0,1.99,-1,"2016-03-18 00:00:00",0,"Defy Gravity Extended"
96400,0,9.99,-1,"2012-04-06 00:00:00",17,"Shoot Many Robots"
96900,0,9.99,-1,"2013-03-14 00:00:00",0,"Slam Bolt Scrappers"
98600,0,5.99,-1,"2011-09-19 00:00:00",0,"Demolition Inc."
98900,0,4.99,-1,"2011-08-19 00:00:00",0,"Alien Hallway"
99100,1,14.99,-1,"2011-06-24 00:00:00",0,"Dungeons and Dragons: Daggerdale"
99410,0,4.99,-1,"2012-09-24 00:00:00",0,"Garshasp: Temple of the Dragon"
99830,0,29.99,-1,"2011-03-22 00:00:00",16,"Crysis 2 - Maximum Edition"
99910,1,0,-1,"2011-08-31 00:00:00",0,"Puzzle Pirates"
100400,0,79.99,-1,"2012-12-19 00:00:00",0,"Silo 2"
100410,0,29.99,-1,"2012-10-01 00:00:00",0,"CameraBag 2"
100980,0,99.99,-1,"2012-10-02 00:00:00",0,"3D-Coat V4"
102700,1,0,-1,"2011-06-14 00:00:00",0,"A.V.A - Alliance of Valiant Arms"
102850,0,9.99,-1,"2012-03-21 00:00:00",18,Warp
104000,0,4.99,-1,"2011-05-26 00:00:00",0,"iBomber Defense"
104020,0,4.99,-1,"2012-01-19 00:00:00",0,"Storm in a Teacup"
104100,0,7.99,-1,"2011-05-14 00:00:00",0,"Inside a Star-filled Sky"
104200,0,1.99,-1,"2011-05-06 00:00:00",0,BEEP
104600,0,1.99,-1,"2011-05-17 00:00:00",0,"Portal 2 - The Final Hours"
104900,1,0.99,-1,"2012-05-04 00:00:00",0,"ORION: Prelude"
105420,1,9.99,-1,"2013-04-03 00:00:00",0,"Ms. Splosion Man"
107300,0,2.99,-1,"2011-07-13 00:00:00",0,"Breath of Death VII"
107900,1,0,-1,"2011-07-18 00:00:00",0,"War Inc. Battlezone"
108200,1,9.99,-1,"2012-05-24 00:00:00",0,"Ticket to Ride"
108210,1,0,-1,"2011-10-12 00:00:00",0,"Memoir '44 Online"
108700,1,9.99,-1,"2012-08-03 00:00:00",0,"Death Rally"
108800,0,29.99,-1,"2011-03-22 00:00:00",16,"Crysis 2 - Maximum Edition"
109200,0,9.99,-1,"2011-07-26 00:00:00",0,"Legend of Fae"
109400,1,0,-1,"2012-07-05 00:00:00",0,"MicroVolts Surge"
109500,0,4.99,-1,"2012-03-21 00:00:00",0,"Fowl Space"
110500,0,1.99,-1,"2011-10-24 00:00:00",0,"Data Jammers: FastForward"
110600,0,4.99,-1,"2011-09-15 00:00:00",0,"Astro Tripper"
110610,0,4.99,-1,"2011-10-18 00:00:00",0,"Alien Zombie Megadeath"
110630,0,4.99,-1,"2012-03-21 00:00:00",0,"Mutant Storm: Reloaded"
111000,0,6.99,-1,"2011-08-10 00:00:00",0,"The Clockwork Man"
111010,0,9.99,-1,"2011-09-23 00:00:00",0,"The Clockwork Man: The Hidden World"
111100,0,4.99,-1,"2012-02-03 00:00:00",0,"Snuggle Truck"
111300,0,9.99,-1,"2011-10-18 00:00:00",0,"Smash Cars"
111400,1,4.99,-1,"2011-09-21 00:00:00",0,"Bunch of Heroes"
111600,0,9.99,-1,"2011-08-30 00:00:00",0,"Serious Sam Double D XXL"
113400,1,0,-1,"2011-12-06 00:00:00",17,"APB Reloaded"
115100,0,9.99,-1,"2011-10-14 00:00:00",0,"Costume Quest"
116120,0,4.99,-1,"2011-10-19 00:00:00",0,Lightfish
200080,0,6.99,-1,"2011-09-15 00:00:00",0,"Nancy Drew®:  Shadow at the Water's Edge"
200130,0,4.99,-1,"2011-10-24 00:00:00",0,"Puzzler World 2"
200940,0,4.99,-1,"2012-01-19 00:00:00",0,"Sonic CD"
200960,0,19.99,-1,"2001-12-01 00:00:00",0,"Geneforge 1"
200980,0,19.99,-1,"2003-07-01 00:00:00",0,"Geneforge 2"
200990,0,19.99,-1,"2005-04-01 00:00:00",0,"Geneforge 3"
201000,0,19.99,-1,"2006-11-01 00:00:00",0,"Geneforge 4: Rebellion"
201010,0,19.99,-1,"2008-11-01 00:00:00",0,"Geneforge 5: Overthrow"
201070,1,2.49,-1,"2012-04-23 00:00:00",0,"Revelations 2012"
201310,0,9.99,75,"2011-12-15 00:00:00",0,"X3: Albion Prelude"
201420,0,14.99,-1,"2013-07-11 00:00:00",0,"Toki Tori 2+"
201510,1,29.99,-1,"2011-12-13 00:00:00",0,"Flatout 3: Chaos & Destruction"
201570,0,4.99,-1,"2012-02-24 00:00:00",0,"Really Big Sky"
202270,1,9.99,-1,"2013-04-30 00:00:00",0,"Leviathan: Warships"
202370,0,6.99,-1,"2012-04-09 00:00:00",0,"Scary Girl"
202410,0,6.99,-1,"2012-02-08 00:00:00",0,Scoregasm
202530,0,9.99,-1,"2012-01-19 00:00:00",0,"Sonic the Hedgehog 4 - Episode I"
202670,0,6.99,-1,"2011-11-02 00:00:00",0,"Nancy Drew®: Alibi in Ashes"
202690,0,14.99,-1,"2012-03-30 00:00:00",0,"Hegemony Gold: Wars of Ancient Greece"
202730,0,9.99,-1,"2012-05-10 00:00:00",0,"Dynamite Jack"
202860,1,6.99,-1,"2011-11-18 00:00:00",0,"Real Warfare 2: Northern Crusades"
203210,0,9.99,-1,"2012-02-03 00:00:00",0,"Titan Attacks!"
203510,0,19.99,-1,"2012-01-30 00:00:00",0,"Fortune Summoners"
203560,0,4.99,-1,"2012-03-02 00:00:00",0,"Containment: The Zombie Puzzler"
203990,0,5.99,-1,"2011-12-16 00:00:00",0,SATAZIUS
204060,0,7.99,-1,"2012-04-16 00:00:00",0,"Superbrothers: Sword & Sworcery EP"
204360,1,14.99,-1,"2012-09-26 00:00:00",0,"Castle Crashers®"
204440,0,9.99,-1,"2012-02-22 00:00:00",0,Pickers
204580,1,9.99,-1,"2012-10-11 00:00:00",0,Rotastic
204630,0,9.99,-1,"2014-11-11 00:00:00",0,"Retro City Rampage™ DX"
204840,0,9.99,-1,"2012-08-07 00:00:00",0,"Babel Rising"
204960,1,0.99,-1,"2012-11-15 00:00:00",0,"Magical Drop V"
205060,0,9.99,-1,"2012-10-02 00:00:00",0,"BIT.TRIP CORE"
205070,0,9.99,-1,"2012-12-19 00:00:00",0,"BIT.TRIP VOID"
205270,0,19.99,-1,"2012-10-02 00:00:00",0,"3DMark 11"
205550,1,6.99,-1,"2012-07-09 00:00:00",0,"Foreign Legion: Multi Massacre"
205610,1,19.99,-1,"2012-05-04 00:00:00",0,"Port Royale 3"
205690,0,4.99,-1,"2012-02-22 00:00:00",0,"1000 Amps"
205710,0,0,-1,"2012-12-13 00:00:00",0,"Everquest ®"
205830,0,9.99,-1,"2012-03-01 00:00:00",0,"Luxor Evolved"
205840,0,9.99,-1,"2012-03-22 00:00:00",0,Yesterday
205870,0,6.99,-1,"2012-02-28 00:00:00",0,Auditorium
205950,0,4.99,-1,"2012-09-19 00:00:00",0,"Jet Set Radio"
206020,0,4.99,-1,"2012-05-11 00:00:00",0,"Avernum 4"
206040,0,4.99,-1,"2012-05-11 00:00:00",0,"Avernum 5"
206060,0,4.99,-1,"2012-05-11 00:00:00",0,"Avernum 6"
206210,1,0,-1,"2012-08-30 00:00:00",0,"Gotham City Impostors Free to Play"
206250,0,19.99,-1,"2012-08-14 00:00:00",0,"Cladun X2"
206410,0,9.99,-1,"2012-02-10 00:00:00",0,"Crazy Machines Elements"
206480,0,0,-1,"2012-06-25 00:00:00",0,"Dungeons & Dragons Online®"
206500,1,0,-1,"2012-11-08 00:00:00",0,AirMech®
206610,0,9.99,-1,"2012-03-29 00:00:00",0,3SwitcheD
206690,0,4.99,-1,"2012-03-01 00:00:00",0,"iBomber Defense Pacific"
206760,0,9.99,-1,"2012-02-29 00:00:00",0,"Painkiller: Recurring Evil"
207000,0,9.99,-1,"2013-03-20 00:00:00",0,"Alien Spidy"
207020,1,9.99,-1,"2012-06-08 00:00:00",0,"Bang Bang Racing"
207080,0,9.99,-1,"2012-06-12 00:00:00",0,"Indie Game: The Movie"
207140,1,14.99,-1,"2016-04-19 00:00:00",0,SpeedRunners
207210,0,9.99,-1,"2012-09-18 00:00:00",0,"Tony Hawk’s Pro Skater® HD"
207230,1,0,-1,"2014-04-25 00:00:00",0,ArcheBlade™
207370,0,2.99,-1,"2012-08-02 00:00:00",0,"eXceed - Gun Bullet Children"
207380,0,5.99,-1,"2012-08-02 00:00:00",0,"eXceed 2nd - Vampire REX"
207400,0,5.99,-1,"2012-08-02 00:00:00",0,"eXceed 3rd - Jade Penetrate Black Package"
207430,0,6.99,-1,"2012-04-05 00:00:00",0,"Hack, Slash, Loot"
207570,0,4.99,-1,"2012-08-09 00:00:00",0,"English Country Tune"
207670,0,1.99,-1,"2012-08-23 00:00:00",0,AVSEQ
207710,0,4.99,-1,"2012-03-15 00:00:00",0,Bumbledore
207730,1,3.99,-1,"2012-10-12 00:00:00",0,"Arena Wars 2"
207790,1,9.99,-1,"2012-03-08 00:00:00",0,"Jane's Advanced Strike Fighters"
208030,1,0,-1,"2012-05-17 00:00:00",0,"Moon Breakers"
208200,1,19.99,-1,"2012-10-15 00:00:00",17,"Doom 3: BFG Edition"
208520,1,19.99,-1,"2013-01-31 00:00:00",0,"Omerta - City of Gangsters"
208600,1,9.99,-1,"2012-04-10 00:00:00",0,"Lunar Flight"
208620,0,9.99,-1,"2012-03-28 00:00:00",0,"Midnight Mysteries: Salem Witch Trials"
208630,0,9.99,-1,"2012-03-28 00:00:00",0,"Midnight Mysteries 3: Devil on the Mississippi"
208640,0,9.99,-1,"2012-03-28 00:00:00",0,"Midnight Mysteries 4: Haunted Houdini"
208710,0,9.99,-1,"2012-09-24 00:00:00",0,"Colour Bind"
208860,1,9.99,-1,"2012-05-30 00:00:00",0,"Mad Riders™"
209230,0,9.99,-1,"2012-04-23 00:00:00",0,"Sherlock Holmes and The Hound of The Baskervilles"
209360,0,4.99,-1,"2012-04-19 00:00:00",0,"All Zombies Must Die!: Scorepocalypse "
209390,1,14.99,-1,"2012-07-02 00:00:00",0,"Dungeonbowl - Knockout Edition"
209520,1,4.99,-1,"2013-05-01 00:00:00",0,"Mini Motor Racing EVO"
209610,0,9.99,-1,"2012-06-19 00:00:00",0,"Roller Coaster Rampage"
209630,0,9.99,-1,"2013-06-20 00:00:00",0,"Magrunner: Dark Pulse"
209690,0,4.99,-1,"2012-05-24 00:00:00",0,Fieldrunners
209710,1,0,-1,"2012-08-30 00:00:00",0,"War of the Immortals"
209730,0,14.99,-1,"2012-10-11 00:00:00",0,"R.A.W. Realms of Ancient War"
209850,0,9.99,-1,"2013-02-19 00:00:00",0,Highborn
209950,0,9.99,-1,"2012-12-06 00:00:00",0,"Triple Town"
210150,0,19.99,-1,"2012-04-26 00:00:00",0,"Pole Position 2012"
210170,0,9.99,-1,"2012-09-04 00:00:00",0,Spirits
210230,0,19.99,-1,"2012-05-16 00:00:00",0,"Nancy Drew: Tomb of the Lost Queen"
210550,0,4.99,-1,"2013-03-07 00:00:00",0,"Angry Birds Space"
210950,1,9.99,-1,"2012-06-13 00:00:00",0,"Rune Classic"
210990,1,9.99,-1,"2012-06-22 00:00:00",0,"Pro Cycling Manager 2012"
211010,0,9.99,-1,"2012-05-18 00:00:00",0,"Alien Shooter 2 Conscription"
211160,0,14.99,-1,"2012-10-17 00:00:00",17,"Viking: Battle for Asgard"
211280,0,9.99,-1,"2013-01-08 00:00:00",0,"Primal Fears"
211340,0,14.99,-1,"2012-05-31 00:00:00",0,"Magical Diary: Horse Hall"
211440,0,4.99,-1,"2012-06-13 00:00:00",0,"Adventures of Shuggy"
211500,1,0,-1,"2013-02-12 00:00:00",0,"RaceRoom Racing Experience"
211580,1,7.99,-1,"2012-07-27 00:00:00",0,"Wanderlust: Rebirth"
211800,0,6.99,-1,"2012-05-16 00:00:00",0,"Dead Hungry Diner"
211900,1,9.99,-1,"2012-10-24 00:00:00",0,"Conquest of Elysium 3"
211970,1,19.99,-1,"2012-12-10 00:00:00",6,"Test Drive: Ferrari Racing Legends"
212010,0,19.99,-1,"2012-08-21 00:00:00",0,"Galaxy on Fire 2™ Full HD"
212030,0,9.99,-1,"2012-07-24 00:00:00",0,"Kung Fu Strike - The Warrior's Rise"
212110,0,6.99,-1,"2012-11-07 00:00:00",0,"Sugar Cube: Bittersweet Factory"
212200,1,0,-1,"2012-12-06 00:00:00",0,Mabinogi
212240,0,0,-1,"2012-06-29 00:00:00",0,"Atlantica Online"
212390,1,0,-1,"2012-09-13 00:00:00",0,"Continent of the Ninth Seal"
212410,1,9.99,-1,"2012-07-26 00:00:00",17,Inversion™
212580,0,39.99,-1,"2012-09-25 00:00:00",0,"The Amazing Spider-Man™"
212700,0,9.99,-1,"2012-12-13 00:00:00",0,"Party of Sin"
212780,0,14.99,-1,"2012-09-27 00:00:00",0,"New Star Soccer 5"
212800,0,0,-1,"2012-08-29 00:00:00",0,"Super Crate Box"
213030,0,4.99,-1,"2012-06-25 00:00:00",0,"Penny Arcade's On the Rain-Slick Precipice of Darkness 3"
213120,1,49.99,-1,"2012-08-20 00:00:00",0,"Transformers™: Fall of Cybertron™"
213330,0,19.99,-1,"2012-06-22 00:00:00",0,"LEGO® Batman 2 DC Super Heroes™"
213610,1,9.99,-1,"2012-11-19 00:00:00",0,"Sonic Adventure 2"
213650,0,0,-1,"2012-10-18 00:00:00",0,"Dwarfs - F2P"
213850,1,9.99,-1,"2013-06-26 00:00:00",0,"Magic 2014 — Duels of the Planeswalkers"
214130,0,39.99,-1,"2012-10-17 00:00:00",0,"aerofly FS"
214210,0,29.99,-1,"2012-10-22 00:00:00",0,"Cabela's® Hunting Expeditions"
214420,1,0,-1,"2015-01-28 00:00:00",0,"Gear Up"
214570,0,7.99,-1,"2012-09-27 00:00:00",0,"ETHER VAPOR Remaster"
214590,0,7.99,-1,"2012-10-17 00:00:00",0,"Fairy Bloom Freesia"
214610,0,7.99,-1,"2012-11-08 00:00:00",0,"Cherry Tree High Comedy Club"
214630,1,39.99,-1,"2012-09-27 00:00:00",18,"Call of Duty: Black Ops - Mac Edition"
214790,0,3.99,-1,"2012-08-31 00:00:00",0,"The Basement Collection"
214850,0,0,-1,"2012-10-02 00:00:00",0,"GameMaker: Studio"
214910,1,12.99,-1,"2012-09-21 00:00:00",0,"Air Conflicts: Pacific Carriers"
215120,1,0,-1,"2012-10-23 00:00:00",0,"ROSE Online"
215390,1,39.99,-1,"2012-08-28 00:00:00",0,"Damage Inc. Pacific Squadron WWII"
215630,0,19.99,-1,"2013-10-24 00:00:00",0,Demonicon
215690,0,14.99,-1,"2013-04-30 00:00:00",0,"Zeno Clash 2"
215870,1,0,-1,"2013-03-13 00:00:00",0,Dungeon-Party
215930,0,6.99,-1,"2012-11-16 00:00:00",0,"Jagged Alliance 2 - Wildfire"
216090,0,9.99,-1,"2013-03-14 00:00:00",0,"Go Home Dinosaurs!"
216150,1,0,-1,"2012-08-09 00:00:00",0,MapleStory
216670,1,6.99,-1,"2012-08-28 00:00:00",0,"Great Big War Game"
216890,1,29.99,-1,"2012-10-11 00:00:00",0,"Blood Bowl: Chaos Edition"
216930,0,9.99,-1,"2012-09-03 00:00:00",0,"Luxor: Amun Rising HD"
217080,0,9.99,-1,"2012-11-15 00:00:00",0,"Doctor Who: The Eternity Clock"
217140,1,14.99,-1,"2013-07-31 00:00:00",17,"Rise of the Triad"
217200,1,14.99,-1,"2013-03-19 00:00:00",0,"Worms Armageddon"
217790,0,9.99,-1,"2012-09-21 00:00:00",0,"Dogfight 1942"
218020,0,4.99,-1,"2012-10-05 00:00:00",0,"Nethergate: Resurrection"
218040,0,19.99,-1,"2012-10-11 00:00:00",0,"Democracy 2"
218170,0,0,-1,"2013-02-22 00:00:00",0,"Age of Conan: Unchained"
218310,1,0,-1,"2012-10-26 00:00:00",0,"Frontline Tactics"
218330,1,0,-1,"2013-09-11 00:00:00",13,"Smashmuck Champions"
218410,0,14.99,-1,"2012-10-30 00:00:00",0,"Defender's Quest: Valley of the Forgotten"
218510,1,9.99,-1,"2012-09-27 00:00:00",0,"Planets Under Attack"
218660,0,5.99,-1,"2012-11-01 00:00:00",0,"iBomber Attack"
218700,0,13.99,-1,"2013-01-07 00:00:00",0,"Angelica Weaver: Catch Me When You Can"
218860,0,29.99,-1,"2012-10-22 00:00:00",0,"Cabela's® Dangerous Hunts 2013"
218980,1,0,-1,"1970-01-01 00:00:00",0,Patterns
219070,0,4.99,-1,"2012-08-28 00:00:00",0,"Miner Wars Arena"
219190,0,9.99,-1,"2013-03-18 00:00:00",0,Ultratron
219200,0,9.99,-1,"2013-01-09 00:00:00",0,"Droid Assault"
219780,0,19.99,-1,"2012-10-29 00:00:00",0,"Divinity II: Developer's Cut"
219800,1,9.99,-1,"2013-06-20 00:00:00",0,"Pro Cycling Manager 2013"
219950,0,9.99,-1,"2012-12-17 00:00:00",0,"NiGHTS Into Dreams"
220260,1,19.99,-1,"2013-10-09 00:00:00",0,"Farming Simulator 2013 Titanium Edition"
220420,0,19.99,-1,"2012-10-23 00:00:00",0,"Nancy Drew: The Deadly Device"
220460,0,9.99,-1,"2012-11-01 00:00:00",0,"Cargo Commander"
220700,0,69.99,-1,"2012-12-10 00:00:00",0,"RPG Maker VX Ace"
220820,0,9.99,-1,"2012-10-17 00:00:00",0,"Zombie Driver HD"
220823,0,2.99,-1,"2013-02-20 00:00:00",0,"Zombie Driver HD Apocalypse Pack"
220824,0,2.99,-1,"2013-09-09 00:00:00",0,"Zombie Driver HD Tropical Race Rage"
220900,0,4.99,-1,"2013-04-30 00:00:00",0,"Jack Lumber"
220960,0,49.99,-1,"2012-12-11 00:00:00",0,"ACDSee 15"
221020,0,14.99,-1,"2012-11-07 00:00:00",0,Towns
221220,0,0,-1,"1970-01-01 00:00:00",0,"iPi Recorder 2"
221300,0,9.99,-1,"2012-11-30 00:00:00",0,Monopoly
221680,0,39.99,-1,"2013-10-22 00:00:00",0,"Rocksmith 2014"
222140,0,7.99,-1,"2012-11-09 00:00:00",0,Puddle
222160,0,4.99,-1,"2012-10-22 00:00:00",0,"Hamlet or the Last Game without MMORPG Features, Shaders ..."
222520,0,0,-1,"2013-02-27 00:00:00",0,"Champions of Regnum"
222660,0,9.99,-1,"2013-03-20 00:00:00",0,Retro/Grade
222940,1,19.99,-1,"2013-09-13 00:00:00",0,"THE KING OF FIGHTERS XIII STEAM EDITION"
222980,0,2.99,-1,"2012-12-07 00:00:00",0,"Dead Pixels"
223000,0,9.99,-1,"2012-10-24 00:00:00",0,"7 Wonders: Ancient Alien Makeover"
223280,0,4.99,-1,"2013-03-22 00:00:00",0,"Cut the Rope"
223330,0,14.99,-1,"2012-12-01 00:00:00",0,"Sea Dogs: To Each His Own"
223710,0,0,-1,"2013-04-25 00:00:00",0,"Cry of Fear"
223750,1,0,-1,"2013-08-02 00:00:00",0,"DCS World"
223810,0,14.99,-1,"2013-02-14 00:00:00",0,"Ys I & II Chronicles+"
223850,0,24.99,-1,"2013-02-04 00:00:00",0,3DMark
223870,0,14.99,-1,"2013-02-14 00:00:00",0,"Ys I & II Chronicles+"
224340,0,29.99,-1,"2013-05-21 00:00:00",0,"Fast & Furious™: Showdown"
224380,0,49.99,-1,"2013-03-07 00:00:00",0,"Virtual DJ - Broadcaster Edition"
224440,0,24.99,-1,"2013-05-01 00:00:00",0,"Folk Tale"
224500,0,14.99,-1,"2016-02-23 00:00:00",0,Gnomoria
224540,1,14.99,-1,"2012-12-12 00:00:00",0,"Ace of Spades: Battle Builder"
224580,1,0,-1,"2013-02-21 00:00:00",17,"Arma II: DayZ Mod"
224700,0,9.99,-1,"2013-06-10 00:00:00",0,"The Game of Life"
224900,0,19.99,-1,"2012-12-13 00:00:00",0,"Iron Sky: Invasion"
224920,0,6.99,-1,"2012-12-06 00:00:00",17,"Legacy of Kain: Soul Reaver"
224960,0,6.99,-1,"2012-11-28 00:00:00",13,"Tomb Raider I"
224980,0,6.99,-1,"2012-11-28 00:00:00",13,"Tomb Raider IV: The Last Revelation"
225000,0,6.99,-1,"2012-11-28 00:00:00",13,"Tomb Raider V: Chronicles"
225020,0,6.99,-1,"2012-11-28 00:00:00",13,"Tomb Raider VI: The Angel of Darkness"
225160,0,9.99,-1,"2013-07-08 00:00:00",18,"Shadow Warrior Classic Redux"
225180,1,9.99,-1,"2013-07-31 00:00:00",0,"Narco Terror"
225200,1,5.99,-1,"2012-11-08 00:00:00",0,"Farming Simulator 2013 Modding Tutorials"
225280,1,12.99,-1,"2014-05-08 00:00:00",0,"Full Mojo Rampage"
225300,0,6.99,-1,"2012-11-28 00:00:00",13,"Tomb Raider II"
225320,0,6.99,-1,"2012-11-28 00:00:00",13,"Tomb Raider III"
225640,0,14.99,-1,"2012-12-21 00:00:00",0,"Sacred 2 Gold"
226700,1,19.99,-1,"2012-12-17 00:00:00",17,"Infestation: Survivor Stories Classic"
226720,1,24.99,-1,"2013-08-26 00:00:00",0,"LOST PLANET® 3"
226740,0,9.99,-1,"2013-03-18 00:00:00",0,"Monster Loves You!"
226780,1,9.99,-1,"2013-02-26 00:00:00",0,"MUD Motocross World Championship"
226820,0,19.99,-1,"2013-05-14 00:00:00",0,"Nancy Drew: the Ghost of Thornton Hall"
227160,0,19.99,-1,"2014-11-21 00:00:00",0,"Kinetic Void"
227180,1,0,-1,"2013-04-01 00:00:00",0,"Kingdom Wars"
227240,0,0,-1,"2013-01-25 00:00:00",0,"Construct 2"
227260,0,29.99,-1,"2013-03-29 00:00:00",0,DisplayFusion
227320,0,59.99,-1,"2012-12-19 00:00:00",0,"You Need a Budget 4"
227380,0,9.99,-1,"2013-05-17 00:00:00",0,"Dragon's Lair"
227400,0,14.95,-1,"2013-04-25 00:00:00",18,"Darkfall Unholy Wars"
227600,0,14.99,-1,"2013-09-04 00:00:00",0,"Castle of Illusion"
227680,1,9.99,-1,"2014-09-22 00:00:00",0,StarForge
227860,1,19.99,-1,"2013-09-23 00:00:00",0,"Castle Story"
227900,0,9.99,-1,"2013-06-10 00:00:00",0,Battleship
227920,0,9.99,-1,"2013-06-10 00:00:00",0,Risk
228560,1,14.99,-1,"2013-08-28 00:00:00",0,"Teenage Mutant Ninja Turtles™: Out of the Shadows"
229480,1,14.99,-1,"2013-06-18 00:00:00",0,"Dungeons & Dragons: Chronicles of Mystara"
229660,1,2.99,-1,"2013-02-20 00:00:00",0,"Sonic and All-Stars Racing Transformed: Metal Sonic & Outrun DLC"
229890,0,14.99,-1,"2013-06-24 00:00:00",0,"Joe Danger"
230050,0,2.99,-1,"2013-03-18 00:00:00",0,"DLC Quest"
230330,0,39.99,-1,"2013-04-19 00:00:00",0,"FINAL FANTASY® XI: Ultimate Collection Seekers Edition"
230760,0,4.99,-1,"2013-02-01 00:00:00",0,DIVO
230780,0,99.99,-1,"2013-02-27 00:00:00",0,"articy:draft SE"
230860,1,14.99,-1,"2014-09-19 00:00:00",0,"Cannon Brawl"
231060,1,0,-1,"2013-05-01 00:00:00",0,"Ragnarok Online 2"
231140,0,19.99,-1,"2013-02-06 00:00:00",0,"Cities XL Platinum"
231180,0,49.99,-1,"2013-02-12 00:00:00",0,"Art Rage 4"
231720,0,4.99,-1,"2013-10-16 00:00:00",0,"Bad Hotel"
231740,0,9.99,-1,"2013-06-18 00:00:00",0,"Knights of Pen and Paper +1 Edition"
231910,0,19.99,-1,"2013-06-27 00:00:00",0,"Leisure Suit Larry in the Land of the Lounge Lizards: Reloaded"
232010,0,8.99,-1,"2013-03-08 00:00:00",0,"Euro Truck Simulator"
232450,1,0,-1,"1970-01-01 00:00:00",0,SolForge
232810,0,0,-1,"1970-01-01 00:00:00",0,Godus
232910,1,9.99,-1,"2013-06-20 00:00:00",0,"TrackMania² Stadium"
232950,0,19.99,-1,"2013-03-28 00:00:00",0,"Bridge Project"
233410,0,1.99,-1,"2013-03-07 00:00:00",0,"Tomb Raider - The Final Hours Digital Book"
233510,0,4.99,-1,"1970-01-01 00:00:00",0,"Lunnye Devitsy"
233530,0,4.99,-1,"1970-01-01 00:00:00",0,Wake
233680,0,44.99,-1,"2016-02-08 00:00:00",0,"Black Ink"
233740,0,4.99,-1,"2013-03-19 00:00:00",0,"Organ Trail: Director's Cut"
233860,0,19.99,-1,"1970-01-01 00:00:00",0,Kenshi
234060,1,4.99,-1,"2013-09-24 00:00:00",0,"Timelines: Assault on America"
234080,0,29.99,-1,"2013-08-27 00:00:00",17,"Castlevania: Lords of Shadow – Ultimate Edition"
234100,0,9.99,-1,"2013-06-10 00:00:00",0,Scrabble
234190,0,4.99,-1,"2013-04-29 00:00:00",0,Receiver
234290,0,9.99,-1,"2013-04-29 00:00:00",0,"Zack Zero"
234350,0,9.99,-1,"2013-05-13 00:00:00",0,"Luxor 2 HD"
234490,1,9.99,-1,"2013-05-24 00:00:00",0,"Rush Bros."
234940,0,14.99,-1,"2013-04-25 00:00:00",0,"The 39 Steps"
235250,0,3.99,-1,"2013-05-09 00:00:00",0,"Super Sanctum TD"
235600,1,29.99,-1,"2013-08-20 00:00:00",0,"Tom Clancy’s Splinter Cell Blacklist"
235660,0,5.99,-1,"2013-10-14 00:00:00",0,"Eador: Genesis"
235780,0,0,-1,"2013-04-28 00:00:00",0,MINERVA
236090,0,14.99,-1,"2013-05-24 00:00:00",0,"Dust: An Elysian Tail"
236290,0,2.99,-1,"2013-06-05 00:00:00",0,"Cranky Cat"
236370,1,9.99,-1,"2013-07-02 00:00:00",0,"Interstellar Marines"
236450,0,9.99,-1,"2013-09-24 00:00:00",0,"PAC-MAN™ Championship Edition DX+"
236530,1,19.99,-1,"2013-09-17 00:00:00",0,"Hot Wheels™ World’s Best Driver™"
236790,0,9.99,-1,"2013-06-07 00:00:00",0,"Agricultural Simulator 2013 - Steam Edition"
236970,0,19.99,-1,"2013-06-28 00:00:00",0,"Jack Keane 2 - The Fire Within"
237110,1,19.99,-1,"2013-07-03 00:00:00",17,"Mortal Kombat Komplete Edition"
237310,1,0,-1,"2014-07-02 00:00:00",0,Elsword
237370,0,39.99,-1,"2013-09-10 00:00:00",0,"PlayClaw - Game Recording and Streaming"
237550,0,14.99,-1,"2013-07-29 00:00:00",0,"Realms of Arkania: Blade of Destiny"
237570,0,4.99,-1,"2013-06-07 00:00:00",0,"Penny Arcade's On the Rain-Slick Precipice of Darkness 4"
237590,0,9.99,-1,"2013-07-16 00:00:00",13,"R.I.P.D.: The Game"
238050,0,9.99,-1,"2013-07-01 00:00:00",17,"The Apogee Throwback Pack"
238070,0,0,-1,"1970-01-01 00:00:00",0,"Shadow Warrior Classic (1997)"
238240,1,14.99,-1,"2015-09-17 00:00:00",0,"Edge of Space"
238530,1,7.99,-1,"2013-05-24 00:00:00",0,"Super Puzzle Platformer Deluxe"
238930,0,19.99,-1,"2013-06-07 00:00:00",0,"7 Grand Steps: What Ancients Begat"
239410,0,16.99,-1,"2013-08-14 00:00:00",0,"Catan: Creator's Edition"
239430,0,9.99,-1,"2014-05-21 00:00:00",0,"Q.U.B.E: Director's Cut"
239450,1,5.99,-1,"2013-06-28 00:00:00",0,"Gun Monkeys"
239660,1,0,-1,"2013-07-03 00:00:00",0,"Soldier Front 2"
239700,0,9.99,-1,"2013-08-19 00:00:00",0,"Hate Plus"
239800,0,4.99,-1,"2013-07-03 00:00:00",0,Bleed
240340,0,9.99,-1,"2013-08-27 00:00:00",0,"Space Ace"
240600,1,19.99,-1,"2013-06-20 00:00:00",0,MotoGP™13
241240,1,6.99,-1,"2014-07-07 00:00:00",0,"Contraption Maker"
241790,0,99.99,-1,"2013-09-09 00:00:00",0,"Z3TA+ 2"
242590,0,0,86,"2013-08-06 00:00:00",17,"Saints Row IV: Inauguration Station"
242630,0,2.99,-1,"2013-08-01 00:00:00",0,"Crazy Machines 2: Invaders From Space, 2nd Wave DLC"
242700,1,19.99,-1,"2013-11-12 00:00:00",13,"Injustice: Gods Among Us Ultimate Edition"
242780,0,14.99,-1,"2013-09-19 00:00:00",0,"Cognition: An Erica Reed Thriller"
242800,0,2.99,-1,"2013-09-25 00:00:00",0,"Day One : Garry's Incident"
242960,0,6.99,-1,"2013-09-24 00:00:00",17,"Blood Omen 2: Legacy of Kain"
242980,0,6.99,-1,"2013-10-01 00:00:00",17,Daikatana
243000,0,9.99,-1,"2013-09-26 00:00:00",13,"Omikron: The Nomad Soul"
243060,0,6.99,-1,"2013-10-15 00:00:00",17,"Urban Chaos"
243120,0,4.99,-1,"2014-03-24 00:00:00",0,Betrayer
243360,1,19.99,-1,"2013-07-04 00:00:00",0,"TrackMania² Valley"
243950,1,39.99,-1,"2013-08-06 00:00:00",0,"Divinity: Dragon Commander"
244030,1,21.99,-1,"2013-08-01 00:00:00",0,"Take On Mars"
244070,1,4.99,-1,"2013-08-27 00:00:00",0,"Sid Meier’s Ace Patrol"
244850,1,24.99,-1,"2013-10-23 00:00:00",0,"Space Engineers"
244870,0,7.99,-1,"2013-08-23 00:00:00",0,"Electronic Super Joy"
244930,1,0,-1,"2013-10-10 00:00:00",0,SNOW
245010,0,6.99,-1,"2013-10-03 00:00:00",17,"Deathtrap Dungeon"
245390,0,5.99,-1,"2013-10-17 00:00:00",0,"I Have No Mouth, and I Must Scream"
245410,0,4.99,-1,"2013-09-10 00:00:00",0,"Wizardry 6: Bane of the Cosmic Forge"
245430,0,4.99,-1,"2013-09-10 00:00:00",0,"Wizardry 7: Crusaders of the Dark Savant"
245730,0,9.99,-1,"2013-10-01 00:00:00",0,Flashback
246300,0,9.99,-1,"2013-09-12 00:00:00",0,Paranormal
246360,0,2.99,-1,"2013-08-28 00:00:00",0,Perfection.
246580,1,19.99,-1,"2013-10-29 00:00:00",17,"The Typing of The Dead: Overkill"
246740,0,9.99,-1,"2013-09-13 00:00:00",0,"Huntsman: The Orphanage (Halloween Edition)"
246980,0,9.99,-1,"2013-09-18 00:00:00",0,InFlux
247020,0,9.99,-1,"2013-10-08 00:00:00",0,"Cook, Serve, Delicious!"
247120,0,0,-1,"2013-09-20 00:00:00",0,"Portal 2 Sixense Perceptual Pack"
247310,0,4.99,-1,"2013-10-08 00:00:00",0,Gravi
247350,1,6.99,-1,"2013-09-16 00:00:00",0,"Artemis Spaceship Bridge Simulator"
247580,1,4.99,-1,"2013-10-31 00:00:00",0,"Magicka: Wizards of the Square Tablet"
248190,0,6.99,-1,"2013-10-25 00:00:00",16,"Knytt Underground"
248350,1,9.99,-1,"2013-09-20 00:00:00",0,Omegalodon
248410,1,29.99,-1,"2013-09-27 00:00:00",0,"Legends of Aethereus"
248450,0,19.99,-1,"2013-10-07 00:00:00",0,"Salvation Prophecy"
248470,0,9.99,-1,"2013-09-20 00:00:00",0,"Doorways: Prelude"
248490,0,5.99,-1,"2013-09-20 00:00:00",0,"1953 - KGB Unleashed"
248710,0,4.99,-1,"2013-10-11 00:00:00",0,Iesabel
248800,0,4.99,-1,"2013-09-26 00:00:00",0,"Dysfunctional Systems: Learning to Manage Chaos"
249330,0,3.99,-1,"2013-10-04 00:00:00",0,"Unholy Heights"
249360,0,9.99,-1,"2013-09-06 00:00:00",0,"Zafehouse: Diaries"
249630,0,7.99,-1,"2013-09-06 00:00:00",0,Delver
249680,0,4.99,-1,"2013-09-20 00:00:00",0,"Marlow Briggs and the Mask of Death"
249930,0,19.99,-1,"2013-09-18 00:00:00",0,"A-Train 8"
250200,0,29.99,-1,"2013-10-16 00:00:00",0,"Cabela’s® African Adventures"
250460,0,9.99,-1,"2013-10-16 00:00:00",0,"Bridge Constructor"
250500,0,2.99,-1,"2013-10-17 00:00:00",0,"Super Amazing Wagon Adventure"
250580,0,9.99,-1,"2014-10-20 00:00:00",0,"Paranautical Activity: Deluxe Atonement Edition"
250660,0,9.99,-1,"2013-09-26 00:00:00",0,"Bunny Must Die! Chelsea and the 7 Devils"
250720,1,9.99,-1,"2014-04-22 00:00:00",13,"Starlight Inception™?"
251170,1,19.99,-1,"2014-10-06 00:00:00",0,Damned
251310,0,14.99,-1,"2013-10-16 00:00:00",0,Eleusis
251370,0,4.99,-1,"2013-10-09 00:00:00",0,"Escape Goat"
251410,0,9.99,-1,"2013-10-17 00:00:00",0,"Dark Matter"
251710,0,4.99,-1,"2013-10-07 00:00:00",0,"Chainsaw Warrior"
251770,0,4.99,-1,"2013-10-18 00:00:00",17,"Shadow Man"
251790,1,9.99,-1,"2013-09-25 00:00:00",0,"Steel Storm A.M.M.O."
252210,0,9.99,-1,"2013-10-25 00:00:00",0,"Dungeon Dashers"
252910,0,4.99,-1,"2013-10-21 00:00:00",0,"Skyscraper Simulator"
253650,0,4.99,-1,"2013-10-24 00:00:00",0,"Sparkle 2 Evo"
253900,1,6.99,-1,"2013-10-14 00:00:00",0,"Knights and Merchants"
253920,0,4.99,-1,"2013-09-27 00:00:00",17,"Gorky 17"
253960,0,4.99,-1,"2013-10-04 00:00:00",0,"Jack Orlando: Director's Cut"
254060,1,6.99,-1,"2013-09-27 00:00:00",0,KnightShift
254440,1,9.99,-1,"2013-10-18 00:00:00",0,"Pool Nation"
255480,1,29.99,-1,"2013-10-01 00:00:00",0,"NBA 2K14"
255520,0,0,-1,"2013-10-11 00:00:00",0,"Viscera Cleanup Detail: Shadow Warrior"
255920,0,5.99,-1,"2013-10-18 00:00:00",0,"The 7th Guest"
255940,0,5.99,-1,"2013-10-18 00:00:00",0,"The 11th Hour"
256070,1,9.99,-1,"2013-10-18 00:00:00",0,"Truck Racer"
256330,1,29.99,-1,"2013-10-25 00:00:00",0,"WRC 4 FIA World Rally Championship"
257220,0,9.99,-1,"2013-10-18 00:00:00",0,"Secret Files: Sam Peters"
258200,0,6.99,-1,"2013-10-14 00:00:00",0,"Talisman: Prologue"
260270,0,9.99,-1,"2013-10-24 00:00:00",0,"Shadows: Price For Our Sins Bonus Edition"
